noise,experiment,methanol,point_information,x1,x2,x3,x4,x5,x6,x7
1e-05,1,0.006892202799925913,11.935366867705216,0.15228728516744902,0.14751375095646294,0.00797365457332734,0.006762546707509746,0.11733286518057269,483.28139278663843,35.940806375551645
1e-05,2,0.003170146070964567,15.351630302993598,0.1429488626888541,0.2009134066021932,0.009418028652699372,0.0024824571462957103,0.2846643455499955,516.7237453100372,18.356427745793923
1e-05,3,0.0034890471727021264,12.329271366083104,0.20162312321859693,0.23297198789912765,0.006974534998820221,0.0032647286407011212,0.22017844899901995,472.0134955545486,17.855809933977284
1e-05,4,0.002792414356832232,12.145396492511317,0.13677598824726095,0.1510150277432058,0.004651931537020509,0.0026642102829077096,0.24473292102744207,469.32943892894946,19.53141766620201
1e-05,5,0.006783281599770835,15.793260799722477,0.12108289285533527,0.18978520204973698,0.008547419043740014,0.0060162124169371315,0.279596508340795,522.4781361092021,45.119296108765234
1e-05,6,0.005326635891866303,12.92160059795915,0.31374769436232275,0.18192790136235296,0.00937672958767757,0.004949879400788243,0.08213195474699625,495.17787074747605,38.27636231898356
1e-05,7,0.003943871605047021,12.305992914289227,0.17610491400742256,0.23551810102123585,0.002570741752765343,0.0033982833761031983,0.0776560195928782,485.5446479944286,15.175781680099613
1e-05,8,0.00648629703010261,12.271498481390068,0.2445790451429261,0.14235740611376774,0.0006808768948794575,0.006168289772563805,0.052897896084361025,480.438838721959,30.43103838066413
1e-05,9,0.004933171394351626,10.730143815202304,0.1345465384444212,0.13268932946281525,0.004743331153335445,0.004763688550811919,0.07656970614585008,479.75652681480483,24.767349193481834
1e-05,10,0.005440690993633215,13.971701974622437,0.15993321887299844,0.17241423891989738,0.0021197903635151063,0.004956305966730407,0.07387839774922127,533.8482652466945,21.304570653326227
1e-05,11,0.010485051937567557,14.97947131475249,0.10794409113503552,0.18955468905873368,0.00741959274526392,0.00978753879788451,0.1662479844377324,543.1868471848438,48.31881380830772
1e-05,12,0.006447665710847557,9.853343033306402,0.11968149835690835,0.19270850834771364,0.005369683310323356,0.0063452671121527575,0.05231223260741647,474.81644898564525,38.96880446237897
1e-05,13,0.006406729970896569,10.607254398014131,0.12050217710238013,0.19408409415620037,0.002039991941990581,0.005835087139053914,0.11720617559012322,536.0688930506806,25.911360473864285
1e-05,14,0.000436855903789331,9.45865322988772,0.10526719697736682,0.2051086379869288,0.004463795242207603,0.000408695810826879,0.2789847885339375,454.5396066311793,31.706908151581796
1e-05,15,0.010732376245330506,15.865169052825665,0.14439741059655775,0.20235557408620058,0.008289166272324762,0.009866895877218694,0.2649906465104299,525.6984041505232,44.95758744037225
1e-05,16,0.00787900169215361,15.243315255320619,0.2699883875349374,0.20959163032090122,0.008165563160606517,0.007379175749200503,0.04520692402159656,543.2459320125042,24.090892038248022
1e-05,17,0.005192168752551336,10.788257161487632,0.11547870910655458,0.21275365350419873,0.00784761031668096,0.0051155078386352125,0.14516041726628384,467.006858244665,21.463614227925387
1e-05,18,0.0009922775297817022,15.48323492205529,0.2888737771351586,0.19553170473239562,0.007664526874985437,0.0002372967538454174,0.0502126957054432,547.2425179454126,45.28490113474144
1e-05,19,0.006979776271101171,15.664946876921753,0.2755993464337304,0.2009323919193824,0.00959861259075289,0.006342887461030643,0.009856884639218565,528.7344881866255,29.782344419306654
1e-05,20,0.0047151170581621,15.162183305614153,0.16644576749179588,0.15349228796957834,0.002257077983060133,0.003820730700991941,0.21086964235548838,530.3385905513234,36.710964986587896
1e-05,21,0.010809597187209872,14.795707902190818,0.1952952423583448,0.14850119150953173,0.00252179084225182,0.009893944633722734,0.27164777390735334,536.2321714876462,28.955153816773294
1e-05,22,0.0006559543392647184,14.087790503631512,0.1150969553572117,0.14127198682258818,0.0010042755151516692,0.000338234640581524,0.010918801667223354,543.6234550455004,31.132140243794346
1e-05,23,0.010660732873345444,14.960406763662913,0.10368009370657899,0.19951414798517395,0.009069717209164541,0.009984307701757985,0.22146353086133747,544.874572549236,34.82209315143987
1e-05,24,0.004285437431972988,13.741211306081274,0.18958591646825634,0.18774239122700404,0.009787787122826533,0.0035990006593793556,0.16468398928303582,545.3605291890242,29.444087624686027
1e-05,25,0.007263977362074252,14.74313349969118,0.2506874419114419,0.19052842389712688,0.008528908334948458,0.006518545022050146,0.07395487284099315,541.1262904404387,43.502486703197036
1e-05,26,0.009203423219376504,15.801334053325423,0.3223715394328909,0.20626376142262204,0.008343894508933497,0.008553372656143964,0.010729435375883356,528.6114098899963,23.516715679202655
1e-05,27,0.00589989032489318,14.097178359625437,0.23351127341444572,0.1784641611995055,0.005711198911159155,0.005125177536071004,0.14400968587359214,517.1444377035891,24.29120090694455
1e-05,28,0.0014212254203488561,14.817887449930884,0.30970170062591057,0.1543566179319059,0.0053775878629608795,0.0008102536692865181,0.03608122764347873,513.4806144090796,43.30067355737559
1e-05,29,0.007851682994701771,14.673799867745611,0.2558229696207579,0.14628939828305332,0.006313183268593305,0.007144657299177119,0.149964732123204,516.3279296677925,45.862801698975275
1e-05,30,0.009939676832703314,15.172847483518115,0.21572102131701998,0.1700579975255494,0.002381393023921128,0.009068331208068938,0.239871857575523,512.3552226513434,25.86767510132661
1e-05,31,0.008554376242134652,13.987283989557106,0.3246128197908753,0.1579139537878775,0.00105485644477196,0.00785887633664273,0.08081053949389998,508.88477184175474,46.309995506968676
1e-05,32,0.006600498635935141,15.243180011387008,0.24087517005588152,0.14928249691024303,0.0003126139915061621,0.005684566331629939,0.2568801118900838,510.1144565749127,29.500447732832676
1e-05,33,0.009568945126471344,12.426793385037374,0.2886799208187271,0.1526489376447841,0.0005336189966783722,0.008878386373512912,0.10221915009693427,506.47547069246275,38.11087201733848
1e-05,34,0.00946325639281455,10.923944507726103,0.14571507456783084,0.1444645166156797,0.0009111903449481152,0.008946787360712374,0.0718209435089708,510.10084735253423,35.96040583256571
1e-05,35,0.001445739108464718,13.692416560239266,0.2616200878675389,0.12643165741445156,0.00500362000207548,0.0010694746306491897,0.005177194839170274,488.06811745375,15.121099411820063
1e-05,36,0.0032170105870834415,14.73743270556736,0.10106956621141872,0.16410348417655357,0.0025350039881207108,0.002620808268113308,0.2382346669459477,512.1605078586008,20.82044542721429
1e-05,37,0.01029006237633168,14.90560338900405,0.1697757653583808,0.1956471308811364,0.0027303840556961367,0.009631201619193747,0.23989572411504495,506.59864474737947,43.68996938432727
1e-05,38,0.003961231028385704,14.085903774748488,0.10615510499463271,0.14718675007798812,0.0006502284722385298,0.0034997022555444558,0.17304398130605086,503.4739541100483,41.66823827890576
1e-05,39,0.007078442713820156,14.536374425415431,0.30396101664135033,0.19256748504708893,0.002683378504826562,0.006799771081166717,0.06168339205448989,547.3307945544815,15.5187733162584
1e-05,40,0.004784178642752497,14.653560767872161,0.1024156483899534,0.1274222369535006,0.007460653785381896,0.004212653471206544,0.1939087522847063,531.3637610200678,32.189320739740516
1e-05,41,0.007319230488979989,14.92248470961282,0.11028286076050141,0.16324711536198094,0.0040327959447558496,0.006630689601468476,0.19012258665866152,530.6166623844413,35.891090748616236
1e-05,42,0.006934336477142522,15.262285550504988,0.3043736734511307,0.13503625181802553,0.003406825888202637,0.006407369945593527,0.006110986907478099,525.1662477432104,27.449191150398875
1e-05,43,0.004609389498601199,15.228587222695724,0.24370506661200136,0.21195071430531243,0.0018095585470934727,0.0033949731481725453,0.1965160860599213,541.5222717895907,47.70971927278231
1e-05,44,0.008027379584155453,15.254776418933057,0.10036877836506707,0.14890450923199283,0.004912504678034554,0.007329245804739215,0.2603011457897344,524.2630269433145,35.52088068878686
1e-05,45,0.009697363916756924,12.537904641370538,0.320339122925446,0.2421258664508453,0.004149865963844014,0.008510979023682017,0.16740243219701967,528.1142301973831,31.145678357248894
1e-05,46,0.00294688419656032,15.8154214688565,0.10408366933444883,0.18931474313872326,0.009455669978161992,0.002103197149650804,0.2682043713597634,534.0865438132187,44.21975554878355
1e-05,47,0.0003708333879235712,14.26794567151465,0.18392534472077737,0.12433761293337492,0.0032915787199849244,4.21845888848893e-05,0.016000277900573057,542.0515480925867,28.386440363935435
1e-05,48,0.0016016048919133105,15.455714673421499,0.20359688937089535,0.21106683932987078,0.008998550639742874,0.0010086852824448057,0.0024563290442636385,528.1950691515848,32.06626465883685
1e-05,49,0.009969601762365863,14.10848143933165,0.24889237196624825,0.21118370411454995,0.005526898089741469,0.009828792142631545,0.022596165966392943,546.7423263645823,15.148196678694672
1e-05,50,0.005736755874808734,15.197074168052009,0.2128116811342563,0.20950057019380028,0.0010779772142340304,0.005061675279553692,0.05296435992523977,538.5935444265609,27.537391597404014
1e-05,51,0.006957798933759375,14.299553609724683,0.3230163480252882,0.11512597199180996,0.0023257407640605034,0.006595926533137184,0.04071340982003774,525.1575040001688,16.594634767813375
1e-05,52,0.0013455099508619028,15.22154496118574,0.3201970430903245,0.1358496889102596,0.0020590852687515948,0.0006865908237957119,0.030115177778685418,525.6858451796573,29.76475819158744
1e-05,53,0.0036950581942109795,15.334214203950944,0.16962460346556654,0.12128170694998683,0.004165085145047006,0.002904639842996615,0.21714820275114424,521.7702493083199,49.76421159820007
1e-05,54,0.0022156090046174777,15.839134565528914,0.14741903887006427,0.23347317668939682,0.0007922233871655094,0.0011674979192366276,0.2616975216923562,529.3780297925917,47.7171875491821
1e-05,55,0.007824878403059513,15.946264012087859,0.3264801404319793,0.2450211627906712,0.005967854622496631,0.006949406392892314,0.00908195037292313,518.7905157445107,39.83720595497922
1e-05,56,0.008148077151403664,15.271213023073088,0.15779607558944142,0.23336475150541844,0.0007205333809390513,0.007152149960082927,0.1835567470010189,535.3760015584927,49.65836964238706
1e-05,57,0.006811475117230219,15.791436876350991,0.2237927750109438,0.19445621902481666,0.009402410629132787,0.005646082382491281,0.24363819291178737,543.6890540121196,48.04096182466844
1e-05,58,0.009812585356751755,15.700862864369245,0.2877230502775687,0.20862596582296145,0.009025566546129423,0.008941198980454115,0.284877374030632,512.7279110004677,47.96759028717519
1e-05,59,0.006654632016921425,15.684358208676345,0.32883456582267456,0.15258389572721048,0.001270934524138948,0.005507285328372428,0.2535825407870068,520.9168399008989,45.83799731433368
1e-05,60,0.002632499130981438,15.722824895178658,0.12472800421680613,0.17177400187711575,0.0027557420553096256,0.0015595630015397034,0.2914835821888026,541.7758979462146,49.696427788889984
1e-05,61,0.005953937624130634,15.786409465045729,0.31014767587020664,0.2433288691855732,0.004036096372402514,0.004962710689859621,0.048670480241920895,528.3285074572632,48.21374634919187
1e-05,62,0.006737298361646727,15.62670184420389,0.27316275491406455,0.1550185942011225,0.007665607743265347,0.005664979682049887,0.219404740489691,533.2569163132574,47.03632606194235
1e-05,63,0.005199565903838208,15.012243203012131,0.3059256448760068,0.10822841104710347,0.002358580054386642,0.00392577552548749,0.29722660180401966,547.397844175797,49.26893749514739
1e-05,64,0.005562903489007902,16.010538849781323,0.25868098759800934,0.24929646508883466,0.00621613659436855,0.004382992409478941,0.2699961083268678,521.9635388156961,40.777593018708274
1e-05,65,0.005296011688298423,15.99607568533778,0.3103856117324504,0.2470416003478901,0.004018468494390644,0.004331581402105676,0.03644966423067767,527.328717256551,28.26049071592522
1e-05,66,0.007378972497856835,16.015834533101398,0.3054026586508165,0.21161793409664995,0.0035111369516777425,0.006554664811194416,0.0023615758749936377,526.1049230774503,38.458661945244145
1e-05,67,0.010398372597739998,15.794604672312216,0.28200531107368876,0.2124536383404183,0.005750215190493504,0.009266597092769922,0.2897809720371762,518.6223265361638,26.430273868254456
1e-05,68,0.010301976968476564,15.836269732906459,0.19143989846351148,0.22476876344072078,0.007396396711012688,0.00924822580345878,0.29799120782571636,530.8804030430875,29.808133507923905
1e-05,69,0.006437738435058966,16.027206637328185,0.3230873961099673,0.1849478431004521,0.0070516303582532315,0.005198336783387366,0.2869598875125874,525.0623526640967,35.58403506194547
1e-05,70,0.002210714063197189,15.548274614927251,0.24768998423711108,0.10070733209392618,0.0064761046770429875,0.0012211677342257366,0.29741185283421046,523.244697887486,38.64413726957304
1e-05,71,0.0019335375502982644,9.568933720159444,0.32535748323140673,0.20476103020173492,0.00789511833366206,0.0018963377575058572,0.03402570004571158,455.975203174314,23.045035948085367
1e-05,72,0.008657237433857667,14.666594508084922,0.1066887974403518,0.20555212932518535,0.009945299507589515,0.008041430624390894,0.2987614540938225,545.734054928058,23.44014028604207
1e-05,73,0.006260248934778607,10.292173973323886,0.30275113106981466,0.11709076644332278,0.0012927670589408591,0.006177711517521221,0.010404590742465691,459.8249354104236,46.65013558194855
1e-05,74,0.009811131679321489,11.464526122781429,0.2945119547881726,0.238699393808442,0.0011820280532228223,0.009595760293783132,0.011729840996247508,459.7605420677845,22.05909173178967
1e-05,75,0.0009208890684472174,13.802893800544146,0.2450269456724584,0.2463151440371305,0.0011500075871867432,0.00034508579945596754,0.28460578786815854,490.8848010139686,39.59830592503701
1e-05,76,0.009517066136180946,14.511104767178946,0.1980229541999708,0.24362304680810484,0.004695583556786557,0.008938061470844185,0.29246289125943686,492.75016723463006,26.50109721833297
1e-05,77,0.004571795010697606,14.16403637584106,0.24266640896018812,0.24902890575985268,0.0021553593950517837,0.003897050459246856,0.2784768975603942,489.7965343193496,24.45348269242926
1e-05,78,0.007561212580464755,15.130370573328195,0.23790365254567922,0.18970581334327558,0.009889027153619598,0.006964604139792508,0.28976211785814826,497.5054153778794,18.31096810917396
1e-05,79,0.005059699572494725,16.009250106659014,0.15250273141731063,0.21087454861835436,0.007019225240097578,0.0039261759099985,0.2982146798218688,540.9327299535826,43.98853754022504
1e-05,80,0.002339706581999668,11.173507193369716,0.32921091175381334,0.21051878297271193,0.0037319979117460423,0.001994235887552042,0.15502395886987638,484.21518495167743,44.2846858520345
1e-05,81,0.0020254386540036555,6.444161553991738,0.280910164892864,0.10227584613019997,0.000661884050998105,0.001964226655002367,0.20552324751049347,452.2142597051926,42.75795927607827
1e-05,82,0.005294651611925636,15.057992777176175,0.2534134734996374,0.23020765449001487,0.00035849149922434487,0.004051865388895311,0.2271722538382507,535.5264710132634,32.156102253509026
1e-05,83,0.007025639850418109,15.690404265445343,0.3270651821164622,0.222370209874922,0.009239759055520998,0.006125839299685326,0.05446147348464083,532.5044957362802,45.047928649730636
1e-05,84,0.006130467315147477,15.88688731089774,0.31257254609851604,0.22217156666507681,0.008755026739463257,0.005119484475558194,0.2943154409414031,513.9940138243494,42.0494217072024
1e-05,85,0.007294589778046622,14.595306778537752,0.16944265059567004,0.11960232336279311,0.007523174584693347,0.0065116966974399304,0.20422073539382185,546.926060949941,45.4059685967937
1e-05,86,0.008044651824915174,15.956530678030365,0.3290794897483157,0.2061459182061327,0.005499280725473494,0.0065976509577331185,0.2704014775889196,538.1394089742072,44.08445866435613
1e-05,87,0.007975499255950813,16.141917627073468,0.3029266605757799,0.22108955715972667,0.002803204805783269,0.007174938946103231,0.003402138444210334,533.7410927366543,33.50147274107367
1e-05,88,0.004857263575796512,16.044572522395534,0.32228201805090967,0.23194183411309485,0.0018306900136557459,0.0038971241407033596,0.008004831209728691,520.1892670397701,31.227649723292046
1e-05,89,0.007567675201605786,15.273032600608587,0.20830959393650078,0.2215166158184731,0.00045290328043621873,0.006367154682219306,0.21997261015951275,545.7036926521731,46.39085408469767
1e-05,90,0.009791594509663697,15.191822707424027,0.19733496016755098,0.1997808398237097,0.006074107139199627,0.00920484098171933,0.004636385293129896,522.8471048464004,48.412055940291225
1e-05,91,0.006435537360962311,13.22611227937133,0.115307226784607,0.2082978726911786,0.007641099704747462,0.005922700059270859,0.0659253358198769,546.7894389188637,44.91715780086756
1e-05,92,0.008161140640800157,15.615942755042404,0.2342964944724323,0.2126981578962639,0.0009868232773574748,0.007044002505939066,0.22896081907353444,523.4343284452773,44.858091521449595
1e-05,93,0.004843639875216006,14.294048504711048,0.13912472573912316,0.1732366193457608,0.005175212280374034,0.004296159617164344,0.1545534809858257,507.04653027263794,21.103297012113345
1e-05,94,0.0037847275659320134,14.102780047897042,0.16745464084398376,0.14647226549375905,0.00551386760552555,0.0032706054941821494,0.15854481635137327,503.59419086177303,16.72810208700663
1e-05,95,0.00205786758000863,14.340686967360423,0.3237648603554759,0.13212371471751225,0.006351602827682917,0.0012405241317116611,0.2579115133278716,529.4017130111777,19.31001149902598
1e-05,96,0.007905427452056139,9.80518222063162,0.31542010799192755,0.17871266090850862,0.00033311022509064373,0.007759082311341386,0.1292318971963154,450.6779728332776,21.094325554746824
1e-05,97,0.0002861921037865966,12.596214120835658,0.32778549664324524,0.18855439209657301,0.007512668852446193,5.018676259681554e-05,0.24899660101622403,474.24505719599415,20.98922453570277
1e-05,98,0.005083892239406743,15.310890991292517,0.2713786102931589,0.23535705759327308,0.005688565880783746,0.004004338120410368,0.24981900940629195,517.0585718843906,20.172357347223965
1e-05,99,0.01025410490014288,16.11972513952608,0.3095559281144775,0.24995242228823458,0.005424353580145521,0.009461836306336839,0.032318596987782264,547.3783503681886,38.85360493622822
1e-05,100,0.006043065656821576,15.888022393611191,0.23916144617880383,0.18906233049931387,0.009197770235193472,0.004782243865857164,0.28870701453487585,544.5353445175818,43.56806059051761
1e-05,101,0.0037161391226950688,15.983700908111839,0.20697435610613166,0.24258029008151813,0.006901244874992908,0.002566638581055767,0.24693624290421914,531.181489880493,42.32426024336894
1e-05,102,0.006812924605247137,15.840498027820699,0.11838462931635954,0.228949619596542,0.00429659335556454,0.005852653423240919,0.2789435592990177,535.4297908792203,43.6771587864521
1e-05,103,0.009414742337756455,16.039277395001612,0.29448675037675137,0.21701513824028743,0.005588496464644638,0.008625000887653457,0.009328387855299035,535.7942280844634,49.36281303600801
1e-05,104,0.010524559387242744,16.11238023737418,0.1777979009131307,0.24825539498768798,0.008591067435209316,0.009497039923701912,0.2888978396965357,525.7448974492488,40.8055398717815
1e-05,105,0.0014441418572907175,15.770651199311983,0.11697985905450695,0.2175961271382994,0.007774938098040687,0.0005932719931247421,0.2353222381346627,532.4154352491375,44.948677686464535
1e-05,106,0.002283803964427444,16.12734733261001,0.18175842993411312,0.22178820520718354,0.009605215290383313,0.00114915044010518,0.2716632347535135,536.5752663045218,44.083392219220656
1e-05,107,0.0014216010064437156,16.160360704495126,0.16796951117494274,0.23125162127874843,0.0037370988872822398,0.00018257420469628528,0.29987596214720713,537.5399207844735,46.31971147400398
1e-05,108,0.0006647126191713712,15.385957551943893,0.3032978100903482,0.13612610238468323,0.005110107012522314,0.00015793506360748833,0.004331434582846272,542.7358462643041,42.477645425466186
1e-05,109,0.008071435805670681,15.860558891804935,0.29993815281669645,0.24426194107671717,0.009653913608508431,0.006969644075844577,0.26730247424515613,516.997881171424,30.51925929930095
1e-05,110,0.005564685970860706,12.343804282264369,0.1521270665601388,0.1698560557037188,0.0003756191853233248,0.005243165642021223,0.005531533986392734,477.1564027138686,20.946553468193954
1e-05,111,0.001970214646803315,15.982995313736977,0.1895744313237151,0.16060898881393398,0.00906287972043108,0.000938739203691843,0.26845168157229227,530.452439812634,48.18000144316908
1e-05,112,0.00874225509725467,14.055103830993886,0.3064503595049005,0.12874448548778036,0.008365803360417918,0.007949617854588434,0.12859416599709914,534.4873190406663,48.26630524714169
1e-05,113,0.003642450892439729,15.119235090240798,0.30708887491620307,0.2202665125116267,0.006356665248143827,0.002388728504211183,0.28595476905041034,544.2016978025898,29.161635361369456
1e-05,114,0.007505934922246976,14.92859641676168,0.3141489197657037,0.13764046227869153,0.002116039816072053,0.006418401233469979,0.29928594567579186,531.7797293881588,25.668569845204836
1e-05,115,0.004752893322237312,13.805525979319288,0.20411804885783885,0.10323053499642267,0.002955314324947912,0.004012002332238078,0.15814853707549426,547.8414858608122,49.32221816309889
1e-05,116,0.0012745310262013824,15.18984150745733,0.10368588173069662,0.17667561343610289,0.0032783470779470213,0.0006504127594698351,0.2940508129033188,508.57680720941954,29.279204711713327
1e-05,117,0.005646263820967565,14.41703373030935,0.3176343121771974,0.14842471020877093,0.002142148580411927,0.004792713997505349,0.09747292536486048,544.7684639893896,49.46082596468703
1e-05,118,0.002054147541624944,14.915775241963779,0.3292412067704393,0.10055404071417065,0.0016057771016652145,0.0013553608638877978,0.28224579526421395,499.3158878329004,27.68261647713397
1e-05,119,0.00606500310071297,15.993220154579689,0.29044874227769696,0.22936995583478456,0.003845246317629247,0.005461756959230607,0.0012833262322169525,549.2650348491779,33.50824672143631
1e-05,120,0.0025539287330648007,14.061600184197525,0.1071387648748225,0.23689491881657987,0.002255876246339592,0.0022379035513952596,0.05866736494080059,549.7726483486938,18.174523639405166
1e-05,121,0.00399683342807231,5.925918194924281,0.13528992097204962,0.19066902311335343,0.0030717519249095515,0.003977654915634495,0.1135429482529689,451.5355974136794,48.79575402913099
1e-05,122,0.005490801277231284,14.696646422643585,0.32472890721595693,0.11169301247467663,0.0019634497984337205,0.004931275101602924,0.048609513310161175,536.3639774433142,37.98571453873101
1e-05,123,0.007249742593677449,15.115997680940563,0.3014809662096585,0.2035644666772187,0.0031996848218261145,0.006260327664952564,0.20189531415701115,516.1278328703878,47.221317588837216
1e-05,124,0.006792332581706477,9.658937062836507,0.31036753691605046,0.1978796977199546,0.0030441655200665043,0.006693241261347358,0.2966240590545872,455.8940727104382,28.152573308575718
1e-05,125,0.007271361346921352,13.630510506941366,0.3097972596160551,0.14485976132678846,0.00927901034427306,0.006776940862509177,0.13553332294447085,499.27600290868213,24.01191064025764
1e-05,126,0.006051277173934927,14.987643817710138,0.1965265614528494,0.24870086052993634,0.006149574363884997,0.0053606352161678725,0.04410587212473863,520.8921374606684,19.639338082029816
1e-05,127,0.004102247097686084,16.37892442294612,0.2418601695455666,0.24008665039633323,0.00824075794769243,0.002759794944799283,0.2930071626095168,534.1003061269616,48.94742724781721
1e-05,128,0.002380469651648685,16.1541650496956,0.20600135788176077,0.24633754918598386,0.00812384493053633,0.0010612824782912868,0.2731898604260377,544.4518966752767,49.066968824652015
1e-05,129,0.004539736370332984,15.794918343073446,0.28652253821245693,0.22996134798373496,0.009334557362804195,0.003726369933081395,0.028107491512764805,529.9489216676658,43.13506755706931
1e-05,130,0.005710586650157613,15.464353170964408,0.11913478438251121,0.21563950689434574,0.0010998640481958443,0.004690725462120601,0.27078873756814115,548.9188225931064,46.18489099385789
1e-05,131,0.0014226983457239367,14.570467595575488,0.11953371766090297,0.2346953747765396,0.007807970751496437,0.0009330009344286284,0.17895949947916964,507.16926161854906,42.20599913406885
1e-05,132,0.0035120933435797545,14.808974218411326,0.11266336913825349,0.23779791368441766,0.008468893035631338,0.0031218008118598616,0.005890946906185812,548.4870018268356,39.580646154081556
1e-05,133,0.002925751852528006,12.858427363191273,0.11993829626479391,0.23581634989989136,0.009698520380166907,0.0027116985576395246,0.14717042472179237,492.2290489992526,49.632185782810545
1e-05,134,0.009822056515976488,15.134947612833797,0.17918698532054786,0.24146928894318465,0.007201536836971709,0.008931604506341029,0.15653887615600712,530.1535069425822,49.301452323949796
1e-05,135,0.0036064944479252113,14.690785804809714,0.13549571753858847,0.22161814597097707,0.005644858308865419,0.002926104968905896,0.2031916937504916,518.7488969410243,17.96158186727974
1e-05,136,0.007167380251837552,15.39965157862085,0.3209494167841187,0.21699664428019913,0.003999396328714598,0.005784678474277541,0.22940649465653562,542.3371231130676,44.61009448819
1e-05,137,0.007778112809816722,15.230506512107828,0.32845241831112504,0.19375214569006038,0.0022879095110050463,0.007043679274304759,0.08937654783177126,533.7596561889693,20.52599820356882
1e-05,138,0.009794276757533757,13.348436940964934,0.22484121795289863,0.21892439897358154,0.009513343250811974,0.009446506615338338,0.18468354561337783,548.80676893183,16.510477552057353
1e-05,139,0.001453912040619633,15.89058222294786,0.23348804916894422,0.22812080887110456,0.0016412477395066794,0.0006477379056481991,0.011261904626484253,537.0234508279121,44.881936854966895
1e-05,140,0.0010885460441878198,15.42128793408265,0.19280120604217965,0.2473758955304685,0.0029009157514298125,0.0003610731240899412,1.5530281070152974e-06,519.192540509194,39.73805115520686
1e-05,141,0.0052014806080747135,15.11600229960321,0.24421569007628682,0.10572665833965234,0.0028456327966346405,0.004363317650723912,0.19491970280198478,522.0711051070414,47.41254351141767
1e-05,142,0.006267830993228871,13.418158982450917,0.26875717416824296,0.11627549869668857,0.005261245135907944,0.005897179007615677,0.09865641582410119,547.4778645390095,27.792567280119798
1e-05,143,0.00443509042536182,14.750422642662452,0.27785065444587564,0.1093952835842844,0.0074366411856422445,0.003881715917051073,0.2217119129510381,502.1746916846444,19.506130097811095
1e-05,144,0.003632545095558261,14.071033113143914,0.1205138755869553,0.20576288338477888,0.007834883448423754,0.0032468478213473627,0.005242177233215672,510.68917901550117,16.424853982717263
1e-05,145,0.008726613766139318,14.346666493776691,0.3054039501944965,0.1882280454858069,0.0064852732767506005,0.008013925341510842,0.08024088710600474,508.37665067059805,15.366409939528221
1e-05,146,0.004567374677657132,15.658294485907703,0.14128116844065536,0.24434569490329064,0.004487310519527277,0.0036727988996446206,0.22415505105141276,526.6663312216152,47.222037411371446
1e-05,147,0.004411889325961306,14.485050110482108,0.11845488542738464,0.23127583427995832,0.009595822017607237,0.0038726165766537514,0.24618844884881264,532.1465702700248,16.04692451054106
1e-05,148,0.005220158739872759,11.611463407541454,0.3225544817970194,0.12037409027025855,0.00012536021706762378,0.005016917768416256,0.06900155716936238,475.2066908807209,49.944299891836046
1e-05,149,0.002343248379183267,15.640555205721588,0.3273651097229524,0.21997523687371273,0.00765658172804749,0.0013894853903601812,0.07146289767087727,540.7924588404485,43.10442967280051
1e-05,150,0.008800031073807928,14.474048546457496,0.16551890318846316,0.11772151799376976,0.005511330944585605,0.008422771779439295,0.2786091482749468,498.2516717346916,48.438839352366905
1e-06,1,0.006898727781162781,16.54086899862454,0.15228728516744902,0.14751375095646294,0.00797365457332734,0.006762546707509746,0.11733286518057269,483.28139278663843,35.940806375551645
1e-06,2,0.003171134778869335,19.95683928719458,0.1429488626888541,0.2009134066021932,0.009418028652699372,0.0024824571462957103,0.2846643455499955,516.7237453100372,18.356427745793923
1e-06,3,0.003483707288525672,16.936548164716314,0.20162312321859693,0.23297198789912765,0.006974534998820221,0.0032647286407011212,0.22017844899901995,472.0134955545486,17.855809933977284
1e-06,4,0.0027942486972425285,16.751076509362438,0.13677598824726095,0.1510150277432058,0.004651931537020509,0.0026642102829077096,0.24473292102744207,469.32943892894946,19.53141766620201
1e-06,5,0.006786549909325416,20.39940170010927,0.12108289285533527,0.18978520204973698,0.008547419043740014,0.0060162124169371315,0.279596508340795,522.4781361092021,45.119296108765234
1e-06,6,0.005331508999463514,17.53354433286384,0.31374769436232275,0.18192790136235296,0.00937672958767757,0.004949879400788243,0.08213195474699625,495.17787074747605,38.27636231898356
1e-06,7,0.0039421147631168675,16.948214013040985,0.17610491400742256,0.23551810102123585,0.002570741752765343,0.0033982833761031983,0.0776560195928782,485.5446479944286,15.175781680099613
1e-06,8,0.006487654175948378,16.88495193112338,0.2445790451429261,0.14235740611376774,0.0006808768948794575,0.006168289772563805,0.052897896084361025,480.438838721959,30.43103838066413
1e-06,9,0.004935215156265637,15.33635535405207,0.1345465384444212,0.13268932946281525,0.004743331153335445,0.004763688550811919,0.07656970614585008,479.75652681480483,24.767349193481834
1e-06,10,0.005439668919734078,18.579119668742603,0.15993321887299844,0.17241423891989738,0.0021197903635151063,0.004956305966730407,0.07387839774922127,533.8482652466945,21.304570653326227
1e-06,11,0.010490113812375152,19.585015060873104,0.10794409113503552,0.18955468905873368,0.00741959274526392,0.00978753879788451,0.1662479844377324,543.1868471848438,48.31881380830772
1e-06,12,0.006450322632303179,14.456948057372655,0.11968149835690835,0.19270850834771364,0.005369683310323356,0.0063452671121527575,0.05231223260741647,474.81644898564525,38.96880446237897
1e-06,13,0.006404536132517619,15.212084326523646,0.12050217710238013,0.19408409415620037,0.002039991941990581,0.005835087139053914,0.11720617559012322,536.0688930506806,25.911360473864285
1e-06,14,0.0004334271668683147,14.063250988741764,0.10526719697736682,0.2051086379869288,0.004463795242207603,0.000408695810826879,0.2789847885339375,454.5396066311793,31.706908151581796
1e-06,15,0.010735247196162418,20.472168092403482,0.14439741059655775,0.20235557408620058,0.008289166272324762,0.009866895877218694,0.2649906465104299,525.6984041505232,44.95758744037225
1e-06,16,0.00787545999178145,19.85643307806308,0.2699883875349374,0.20959163032090122,0.008165563160606517,0.007379175749200503,0.04520692402159656,543.2459320125042,24.090892038248022
1e-06,17,0.005183624697229615,15.393259020403379,0.11547870910655458,0.21275365350419873,0.00784761031668096,0.0051155078386352125,0.14516041726628384,467.006858244665,21.463614227925387
1e-06,18,0.0009931625537691947,20.10109883578377,0.2888737771351586,0.19553170473239562,0.007664526874985437,0.0002372967538454174,0.0502126957054432,547.2425179454126,45.28490113474144
1e-06,19,0.00697780605591986,20.28938228971059,0.2755993464337304,0.2009323919193824,0.00959861259075289,0.006342887461030643,0.009856884639218565,528.7344881866255,29.782344419306654
1e-06,20,0.004714379560046713,19.76908246307642,0.16644576749179588,0.15349228796957834,0.002257077983060133,0.003820730700991941,0.21086964235548838,530.3385905513234,36.710964986587896
1e-06,21,0.010803744968540172,19.401046785963747,0.1952952423583448,0.14850119150953173,0.00252179084225182,0.009893944633722734,0.27164777390735334,536.2321714876462,28.955153816773294
1e-06,22,0.0006536828301047531,18.695657517304443,0.1150969553572117,0.14127198682258818,0.0010042755151516692,0.000338234640581524,0.010918801667223354,543.6234550455004,31.132140243794346
1e-06,23,0.010661768885790148,19.5655784210515,0.10368009370657899,0.19951414798517395,0.009069717209164541,0.009984307701757985,0.22146353086133747,544.874572549236,34.82209315143987
1e-06,24,0.004285014056713518,18.34685821350939,0.18958591646825634,0.18774239122700404,0.009787787122826533,0.0035990006593793556,0.16468398928303582,545.3605291890242,29.444087624686027
1e-06,25,0.007262438752022532,19.35667607783497,0.2506874419114419,0.19052842389712688,0.008528908334948458,0.006518545022050146,0.07395487284099315,541.1262904404387,43.502486703197036
1e-06,26,0.0092024508922636,20.42772166125101,0.3223715394328909,0.20626376142262204,0.008343894508933497,0.008553372656143964,0.010729435375883356,528.6114098899963,23.516715679202655
1e-06,27,0.005900223945402299,18.710578654524753,0.23351127341444572,0.1784641611995055,0.005711198911159155,0.005125177536071004,0.14400968587359214,517.1444377035891,24.29120090694455
1e-06,28,0.001422720254234516,19.447477990618065,0.30970170062591057,0.1543566179319059,0.0053775878629608795,0.0008102536692865181,0.03608122764347873,513.4806144090796,43.30067355737559
1e-06,29,0.007848882570721638,19.2893330246821,0.2558229696207579,0.14628939828305332,0.006313183268593305,0.007144657299177119,0.149964732123204,516.3279296677925,45.862801698975275
1e-06,30,0.005187740540297105,19.256748227804195,0.1654006420237451,0.18055965646157468,0.005463618906260243,0.00449877761380344,0.13634224401063827,519.4430035912894,41.256825287852664
1e-06,31,0.010605306387757677,19.804154829408702,0.13482690039702333,0.21389425511612709,0.00912888328671985,0.009937971707993619,0.2716270610708202,522.3419951820131,20.366363902408118
1e-06,32,0.004931897886023473,19.963638501427315,0.28431400870929074,0.24084810160104866,0.009336470109017279,0.003804676913198626,0.18275796418535598,529.193404186156,44.191431478349735
1e-06,33,0.005210412858803488,19.97198196316527,0.1984679005329001,0.214967829622693,0.00859716598619284,0.004587707520550005,0.01361636616270836,530.9519027334658,47.746041187098264
1e-06,34,0.007108919683977451,18.037236027819702,0.23500490084632267,0.22322607826731122,0.00971375275395904,0.006402955878634293,0.14576872526482856,512.9352926629324,15.940917464063343
1e-06,35,0.00133514229791161,18.327853615634073,0.11701973302807346,0.2469598457858693,0.006231185717263041,0.000749973654840761,0.0511991202884722,527.8574399145928,40.38711824606581
1e-06,36,0.004353062106765385,20.532396269354685,0.14458844368840437,0.24636544725877224,0.005013433338036254,0.0033231805937891036,0.25847623113812007,533.261231804564,44.10159535198963
1e-06,37,0.0023183419431527736,19.701925835621207,0.3234174970613456,0.23905032180077027,0.00896679595017506,0.0013086277742334297,0.13175550617267837,549.2563016128094,36.972899587821516
1e-06,38,0.0024052249170471896,17.15551407095464,0.2852269453008353,0.10164204440580918,0.006028827113587518,0.0018339296570823737,0.1831583898746171,543.949040305522,27.246437779003546
1e-06,39,0.0049269089599398,18.984916706424926,0.21122911680755319,0.10292861629320098,0.00013997339672061404,0.004582840001414177,0.0031037867655067217,528.2120725164154,26.77124316127025
1e-06,40,0.0011485153921290644,19.33311852180447,0.1776564850112514,0.15882781918924072,0.006083249471231206,0.0006668486912268213,0.016311735148507978,527.4207726546485,28.714069151884217
1e-06,41,0.008753009970659966,19.155404403878457,0.2219862255266385,0.14403013641335533,0.004538820054455074,0.008282535934284161,0.029409784521618652,522.2819995661075,23.19007291702779
1e-06,42,0.006635741362012901,19.657943500580096,0.31962210170712674,0.12194323346288008,0.006057391561193901,0.006046869995167289,0.28766503665427395,503.7994057383874,49.67288633180607
1e-06,43,0.006807589095808364,20.38692421205071,0.3069063893151589,0.2013349785989176,0.007980564818675366,0.006030776326846363,0.034361902090293384,540.8043699618062,48.63801580204227
1e-06,44,0.009656657235787859,19.168296122493217,0.2342167324547964,0.24402812278123884,0.005197511520554808,0.008584670907478649,0.20242266078145385,542.0421849077057,33.79718336036997
1e-06,45,0.006574495637136147,17.19267965014493,0.2522714903465799,0.22778370135362835,0.0024457138434073045,0.005481925498278093,0.13168565390426287,537.7823487153526,49.89028235418785
1e-06,46,0.001724044426177298,20.23787640393146,0.11819620739393542,0.12107723649015828,0.009979235836922309,0.000974493184164894,0.281518906247121,523.5330443734438,49.85784696505428
1e-06,47,0.0019085079776275213,20.156077362281916,0.1620924101940359,0.22517783183811418,0.00762851299208453,0.0011530065903679377,0.24104501616005408,516.554213378148,49.8217194044772
1e-06,48,0.0012471545870739865,20.202287392186275,0.16298270011942056,0.18336713687883383,0.004298799144453928,0.000386456690611785,0.23783461658257937,520.3051746780656,42.512735677545024
1e-06,49,0.005413404366041291,19.298130409253712,0.12370583580741498,0.12590667969243477,0.001107496140209886,0.0048484477989212795,0.24746879677117253,504.0404262648466,31.308364370990382
1e-06,50,0.009099341779254528,20.280141721480245,0.27737171471568955,0.13172349348720724,0.004905574440500367,0.008100181896795186,0.24896007506232432,522.7036842415093,48.0255953846966
1e-06,51,0.004215890281442766,18.76950750003343,0.23663160905949054,0.10522525981430414,0.008236401661063361,0.003980354732027373,0.006243194212974834,549.2789157639191,39.22850736946309
1e-06,52,0.001830055153372615,17.86731312760171,0.2924800654145837,0.19429236961680274,0.0016494591703109397,0.0010191692279121589,0.10603750302793549,512.2527696250606,46.88236997437643
1e-06,53,0.0024327430146723504,20.148285744611883,0.3045039229544545,0.15694238499102706,0.006628386096265283,0.0018457763824482388,0.012907221849579098,534.5967103524027,34.114581327716714
1e-06,54,0.005582037709068807,20.296615300106218,0.15627218991477393,0.18714796685998408,0.00818315161122427,0.004664349182016932,0.22581756499189504,533.453392975222,43.827260729533876
1e-06,55,0.007469506609585325,20.71420449506334,0.3062068084783277,0.2430655217501003,0.003949988797244187,0.00610222366901218,0.26735141331561435,527.0640272572969,48.34310725088372
1e-06,56,0.005976976989225547,18.971115078350888,0.19762318069565715,0.2466378997655515,0.0007944481512448531,0.005342785112157039,0.009476051953508957,497.9150868790288,30.405112938864065
1e-06,57,0.00044366202795805,18.540138021560914,0.21572813428630722,0.20175594310320377,0.008581207082863624,4.20539410543308e-05,0.012789868201618149,496.129557161654,29.549976929014896
1e-06,58,0.004883662749610879,19.315997829854947,0.3229008763497564,0.1977529683170548,0.006068516128712215,0.00425409761508994,0.022560628520835724,497.87728330442604,23.174373395250434
1e-06,59,0.00844758822700954,20.404499889855487,0.16664164463824702,0.24495654062792643,0.0027860977180949533,0.007401884950575295,0.23960515222714004,529.0458706460153,47.652327120290096
1e-06,60,0.0028028661976295588,17.920675270574495,0.1171029638708079,0.20200683984351736,0.005978000844124829,0.0025947359819117376,0.2988124753231422,486.45878948541406,48.1063859271644
1e-06,61,0.0004461147777113572,18.344561693683147,0.19449309577297766,0.14072365347738905,0.009497529284306066,0.0002555022127628381,0.2882225886118669,487.70314956626123,42.03592219996109
1e-06,62,0.005742449165305568,17.640632661522893,0.1224907194820012,0.20848196876690295,0.008161315352283772,0.00558701221709798,0.2798863514653243,484.1349346248405,46.36014503079412
1e-06,63,0.0051988190180203165,19.61780135895557,0.3059256448760068,0.10822841104710347,0.002358580054386642,0.00392577552548749,0.29722660180401966,547.397844175797,49.26893749514739
1e-06,64,0.005563787211229118,20.633837604472895,0.25868098759800934,0.24929646508883466,0.00621613659436855,0.004382992409478941,0.2699961083268678,521.9635388156961,40.777593018708274
1e-06,65,0.008182535688961892,15.65074037618517,0.32026052079472733,0.1222598201716509,0.0008696542314010059,0.008034730354036927,0.0008252969891298645,457.93445631426766,20.578357332307974
1e-06,66,0.003586974179617315,20.321989709598004,0.17878324327016853,0.17384738616271544,0.0002389926125934505,0.002585700556844497,0.2733714883738652,521.05001809673,46.65342982671362
1e-06,67,0.001959944201757337,19.981870621711902,0.3101550784781988,0.20579963005929403,0.009688889876551856,0.0006809775980580768,0.2646862810353705,549.3147175137204,38.82093765125728
1e-06,68,0.008467512023638367,19.292090674229488,0.26973668120080796,0.123883672807966,0.00011369860051921866,0.00786139042799185,0.04791338168768803,541.5077784980481,48.871093784735265
1e-06,69,0.009879668790154549,19.87364774103273,0.2737196276245366,0.23323702333008847,0.0027457328423648596,0.009456249642515,0.04484803593010813,547.1399793308026,19.874682732491394
1e-06,70,0.0035737141721863624,20.633794449870546,0.3267784994142074,0.1875774625470405,0.009521665377614615,0.0023443745712500765,0.2449724339841692,530.5319943513804,49.49828461358076
1e-06,71,0.00865454879483332,19.27190541001448,0.1066887974403518,0.20555212932518535,0.009945299507589515,0.008041430624390894,0.2987614540938225,545.734054928058,23.44014028604207
1e-06,72,0.007766629393444649,19.477352499795607,0.2871928618907208,0.12723881208094026,0.0015105685597455144,0.006988009795814963,0.29805366504469183,499.1783386350554,16.47012024519479
1e-06,73,0.0027508543770412303,19.786462135489092,0.2915349493840099,0.17351307569892718,0.009713720667928248,0.002177022953926755,0.01734533849231713,516.961559049883,45.31369753052688
1e-06,74,0.008450125761415581,17.143303087323915,0.10399051953581953,0.17757592175530448,0.0005446670973121448,0.008139466409665714,0.15556666390732712,488.15187298799754,40.03460772316551
1e-06,75,0.0054352323896701485,20.487775338204308,0.31462141111571407,0.24636057036647196,0.009943106024820498,0.004072293713438682,0.23575625087613788,537.3466222072148,43.89708471536599
1e-06,76,0.0011878011576658145,19.728989357505736,0.29670725074526016,0.23880912865026832,0.006102311031122092,0.00017492281387110342,0.25294595481137616,504.76039036082847,15.311172663480445
1e-06,77,0.00495524053466386,19.926588826727457,0.1581692961493114,0.23387577842604726,0.002659357560629502,0.004019987882567554,0.2992762375970331,522.9499008986297,19.817896911611477
1e-06,78,0.0057967569154130615,20.332376682248036,0.27023044655405565,0.24385506853137828,0.0021946418002183467,0.0046069683078385675,0.27427313513389967,515.1162194100697,30.22526735399299
1e-06,79,0.0038395370902263764,19.068325833467178,0.1004300250570435,0.13172180652239535,0.0016688760014287474,0.0033041374148976856,0.17276118040756905,512.223557294175,31.403682553249904
1e-06,80,0.007641187753080772,19.050115152145185,0.14674046732829812,0.24953334289387472,0.0017175326892004783,0.0068319965572902555,0.16961412063004755,516.4829978908097,23.493664715971143
1e-06,81,0.0012354974289464863,19.29532082937268,0.15054468415724487,0.2106445192010351,0.0077256905427738375,0.0006716280203567826,0.16519398852657494,510.50906373914853,44.42227025637605
1e-06,82,0.005967026739551409,19.542933750279165,0.11588555686361765,0.2383645205986945,0.0021285243023505896,0.0052399636447136855,0.20165496632897875,515.9783715058239,28.061415655938227
1e-06,83,0.006130270982401027,20.510493655257108,0.31257254609851604,0.22217156666507681,0.008755026739463257,0.005119484475558194,0.2943154409414031,513.9940138243494,42.0494217072024
1e-06,84,0.00531263979116608,19.624915980409845,0.11096861676699593,0.18933508015651207,0.004507317137585349,0.004678712052952632,0.17247378359604368,520.8059445778434,47.820623791246604
1e-06,85,0.006329745999884987,20.520470742628568,0.29727244088508975,0.17095929062657728,0.0030593781758317916,0.005205470238261467,0.2926668171480522,518.1770029196124,42.86418931076543
1e-06,86,0.006109919498068066,19.888193250764115,0.29196910280092314,0.16860071712279584,0.003922968726426877,0.005151642350788299,0.2031148679362376,517.7200563389279,40.59093181345018
1e-06,87,0.007567916509720424,19.882957799320533,0.20830959393650078,0.2215166158184731,0.00045290328043621873,0.006367154682219306,0.21997261015951275,545.7036926521731,46.39085408469767
1e-06,88,0.00505270462250997,19.960535182233517,0.32221404999122333,0.21067562301272552,0.009607025579144314,0.0039939260103315265,0.21794740663298642,521.0395303368446,26.237248318297645
1e-06,89,0.008621137957585536,19.820891369156115,0.2362431225495188,0.15888108876095763,0.0030663149068643394,0.0074588621226038465,0.24517111111109416,547.6246669196794,47.34786324135132
1e-06,90,0.007192763440933244,19.00941549233256,0.29193994274442703,0.14549364272864224,0.0051464984333835385,0.006771304560973306,0.012082537116896608,503.9362325429201,48.9639514133167
1e-06,91,0.004197809106391302,19.361894374092017,0.3213049408557861,0.14761287468599107,0.0062538756001823195,0.003831842080684489,0.0312959734399001,533.8423307708475,17.00579420548502
1e-06,92,0.0039162905779269695,20.252055453410236,0.32577283694411774,0.13753421738799615,0.0017938854892521994,0.0026241846463053633,0.25801078705513464,533.8807509215832,45.55317514447529
1e-06,93,0.00856913762264425,11.927731908845491,0.2787110524954738,0.22111548853745877,0.005189360395334554,0.008537139737353901,0.15007270639095652,454.8207255797232,44.09865917432105
1e-06,94,0.004033885624075977,18.04254958074601,0.1720628207827687,0.21953928061505013,0.003643495631981095,0.0036610067751447276,0.29589854923015113,477.5373695753522,17.0715274987987
1e-06,95,0.008393525248793134,19.47832144134342,0.32662949103007666,0.147313403969144,0.0015275638019947547,0.007808519551849009,0.05110039277147248,521.4346460460675,17.086334892903036
1e-06,96,0.00693043771576062,18.915789786005465,0.2911293987489406,0.17583198981341364,0.008841736298101723,0.006295271633132822,0.10209634177437049,530.6092721101766,21.797547543474057
1e-06,97,0.006460419122590497,17.900820860590997,0.25328391560186586,0.2256711505838707,0.009992849097749444,0.005752042280585206,0.12020631912114327,509.72766537955545,32.08371290984236
1e-06,98,0.010224171600912477,19.872481469014254,0.2835650666095022,0.21450149049626005,0.009036923050931884,0.009639803548844264,0.0013373092493976556,511.56278136256924,45.98438682427363
1e-06,99,0.010256937707760854,20.744336703814664,0.3095559281144775,0.24995242228823458,0.005424353580145521,0.009461836306336839,0.032318596987782264,547.3783503681886,38.85360493622822
1e-06,100,0.006817925267409454,20.446815850565017,0.11838462931635954,0.228949619596542,0.00429659335556454,0.005852653423240919,0.2789435592990177,535.4297908792203,43.6771587864521
1e-06,101,0.0013398141337684314,19.93125214697918,0.31222881288888854,0.24617930598236465,0.0008064162521164353,0.0006630691449814196,0.12650694293935313,546.3948417102813,16.241144271856275
1e-06,102,0.011068032967546102,19.454324943729752,0.2343020355029861,0.24375600369445174,0.0010361565420213081,0.009874866641278068,0.2940442227705021,547.2993817429531,30.570677847519136
1e-06,103,0.009412245634920786,20.675178893150072,0.29448675037675137,0.21701513824028743,0.005588496464644638,0.008625000887653457,0.009328387855299035,535.7942280844634,49.36281303600801
1e-06,104,0.01052738545769934,20.721929522470038,0.1777979009131307,0.24825539498768798,0.008591067435209316,0.009497039923701912,0.2888978396965357,525.7448974492488,40.8055398717815
1e-06,105,0.00891755011426735,19.270525813348595,0.2709639457175581,0.16542210418851439,0.0026475390979415303,0.008338986297542341,0.08710210340986795,548.1166567249436,31.62745029155548
1e-06,106,0.0028910929210125657,19.74863820201126,0.2933765446342596,0.23280661052055007,0.008006745443237874,0.001796944101442144,0.2932569709777877,530.3109943612035,18.652667938784468
1e-06,107,0.0053769011427230425,20.24913612642726,0.29206439036152004,0.24269220882690684,0.006407181453167357,0.004097444821591737,0.20638951574561415,533.195784134632,48.39073041785531
1e-06,108,0.001419005199249765,20.768765532672003,0.16796951117494274,0.23125162127874843,0.0037370988872822398,0.00018257420469628528,0.29987596214720713,537.5399207844735,46.31971147400398
1e-06,109,0.006696241234124404,20.62970460627181,0.2037090947302298,0.18717118989612175,0.0005160745041588988,0.0054722883332825305,0.2922991465158965,529.3524843930156,48.75939623087292
1e-06,110,0.0028676219898511788,19.96351548758116,0.12375097474648586,0.14782008163945226,0.005180902730966315,0.0019163652442596168,0.2523508479099086,544.6515078965554,48.7107797281757
1e-06,111,0.008372581267070316,20.266654473205346,0.3000822809601042,0.233262023663853,0.0026688875292231995,0.007449879820400852,0.07287282435678778,533.0684125392092,27.24297193509699
1e-06,112,0.0036417179449992703,19.828322657637706,0.2799507774924541,0.23433463169693936,0.008065756763288086,0.002568040747480711,0.24861159704548305,524.9838708582167,20.467905185248547
1e-06,113,0.006456352993388745,13.518913086621554,0.2697707217401968,0.21584020335924778,0.0037215896263506523,0.006418210536845197,0.06928542576511583,453.50832798932635,48.06298869946006
1e-06,114,0.0057562330629873995,13.896929861586473,0.25622491395509844,0.19360213719345243,0.0036896620675357507,0.0057028452134974695,0.05760869262234092,452.0392865715519,24.744705079840763
1e-06,115,0.0024772047895541146,20.71348013290924,0.17829977293532295,0.23195179891661974,0.007309431526322095,0.001466029847476199,0.2914453100047747,523.6051551597811,47.756413996758496
1e-06,116,0.006799159881656,19.736042033003574,0.3295692835751717,0.2479347168060663,0.006265935370501866,0.0059328450879092024,0.26585707448175977,506.55929409185615,45.09205055051869
1e-06,117,0.005062694902722656,16.844711748718,0.16004864221048057,0.10580882793893139,0.006096364754066831,0.004724996326141094,0.07966679687517404,508.0617448666993,18.784055719517454
1e-06,118,0.0030247853968530434,19.95208810476281,0.2793412838449485,0.12502240641012394,0.008728993399727311,0.0023195704382429293,0.222655740807157,513.5540192005088,44.37369264719398
1e-06,119,0.006064817354792889,20.61879387749426,0.29044874227769696,0.22936995583478456,0.003845246317629247,0.005461756959230607,0.0012833262322169525,549.2650348491779,33.50824672143631
1e-06,120,0.002550962914483789,18.668139286701145,0.1071387648748225,0.23689491881657987,0.002255876246339592,0.0022379035513952596,0.05866736494080059,549.7726483486938,18.174523639405166
1e-06,121,0.0031541898266548678,20.158512265501187,0.31793963217280913,0.21036466119993452,0.009723630976090629,0.0022864170704274636,0.06117488004401811,535.8907153671242,41.62912507504409
1e-06,122,0.006230508112394027,14.601734082507349,0.17466376172266812,0.10131655183989205,0.0016040609763528359,0.006157013329543213,0.20852145125249952,452.2273392837609,15.558534483436711
1e-06,123,0.00948354102495927,20.632230872661708,0.30173585754394305,0.24257354118955973,0.0026844143693818437,0.008818625015069838,0.018368327309211594,543.1358471673165,26.498639832965473
1e-06,124,0.0060499444418808685,19.412776497936502,0.2837455280848772,0.1859255149185845,0.0030676880287013332,0.005582797662214045,0.07753395618787878,541.2649020745221,18.178990348714272
1e-06,125,0.0014204354799636026,11.866566966336931,0.3261108898721121,0.17633512218287548,0.002352451054928849,0.0013371354392442724,0.23287090740420419,451.9191229819853,25.287788687909025
1e-06,126,0.006169937999267596,20.0666651469877,0.3249499864541463,0.10273313847988091,0.00778175578802576,0.005289049403853491,0.26707144168325203,518.4045417333588,33.98690903874771
1e-06,127,0.004103835012811328,20.992048278889985,0.2418601695455666,0.24008665039633323,0.00824075794769243,0.002759794944799283,0.2930071626095168,534.1003061269616,48.94742724781721
1e-06,128,0.002376045878867355,20.762600691559335,0.20600135788176077,0.24633754918598386,0.00812384493053633,0.0010612824782912868,0.2731898604260377,544.4518966752767,49.066968824652015
1e-06,129,0.004539395188714503,20.428759089243577,0.28652253821245693,0.22996134798373496,0.009334557362804195,0.003726369933081395,0.028107491512764805,529.9489216676658,43.13506755706931
1e-06,130,0.007937081497107446,20.507750030750437,0.2555991824606747,0.12538443302085198,0.009714832723948708,0.006992969618060799,0.2943854704643015,521.4481429965978,48.115417513262756
1e-06,131,0.0008579641056840612,18.803000348366087,0.3265998310224618,0.13776247245161458,0.005747119547676513,0.00032377573828058727,0.21162159216536,490.9694885201658,18.276068685264093
1e-06,132,0.003695491493344563,17.64677868955535,0.3290607867971339,0.10300918564524279,0.00334688644117894,0.0034490565699610487,0.2847829343935482,476.89841332326733,25.973321793406576
1e-06,133,0.005659056070046295,17.450820923740775,0.30293886940130166,0.17490520132353063,0.0004087667467342093,0.005073834995083002,0.1869352876462584,487.28483396216825,24.965718936783098
1e-06,134,0.004122469885791475,17.503371122623147,0.3195941865377024,0.19866722389590943,0.0006220806312263206,0.0036068574633485962,0.2700766616556055,478.2654118894596,21.273902456779705
1e-06,135,0.005360377689604548,19.079046981781424,0.3196852002579621,0.24151835727962861,0.0007764023991302683,0.0041703153671927545,0.1486749347577768,522.9530917726604,23.2832299290609
1e-06,136,0.005391113951745819,18.214563846804865,0.12298534396729024,0.20874432981158206,0.004580901405234411,0.004921214086952994,0.0361239298610912,507.64063416658723,15.856063956857124
1e-06,137,0.008169862550914897,20.0940635552205,0.18880519763559253,0.23595608635156215,0.00022210647727517353,0.007436679251203239,0.002435121363739756,523.667728616228,46.45198647935509
1e-06,138,0.003604873770927733,19.297099008773735,0.13549571753858847,0.22161814597097707,0.005644858308865419,0.002926104968905896,0.2031916937504916,518.7488969410243,17.96158186727974
1e-06,139,0.004863043566629868,16.8754945656027,0.3289092286242379,0.16547434346769607,0.005622926370484316,0.00463305173236165,0.22611192212307019,482.34417347526045,47.643683138866365
1e-06,140,0.006476285496687467,17.837671908469414,0.10524143562641615,0.20247925969544595,0.0012515276789040663,0.0060996603758250115,0.23061499008727823,481.300962149491,17.390772683458984
1e-06,141,0.006933216067282764,19.023042794654,0.17429904476653216,0.21505368345451695,0.0053988193125643034,0.006393387317833434,0.23091831859669334,494.7749800667578,23.584940464508037
1e-06,142,0.0009391571134880516,17.99633835152854,0.10875477376443785,0.17350435963434802,0.009323676174717207,0.000773623804096969,0.23529789864675005,482.55590653314744,21.86669531792795
1e-06,143,0.00363414991914918,18.68092679404946,0.1205138755869553,0.20576288338477888,0.007834883448423754,0.0032468478213473627,0.005242177233215672,510.68917901550117,16.424853982717263
1e-06,144,0.0043782177055598755,18.755229370377368,0.3120560538664755,0.15305639331612084,0.009611491490840089,0.0037015356708674273,0.1882775627734084,516.2120949090113,15.73636211992031
1e-06,145,0.007867598144171463,20.347758083670467,0.3249496497980736,0.23676780387073693,0.0005873497397281724,0.0063191312473615995,0.25822380330591665,539.4835397697738,43.879530589778454
1e-06,146,0.009536861271909076,19.366652215308044,0.20186099193777843,0.24992696380740867,0.0067898073890844115,0.008836572402550083,0.05405956957905562,516.7589160178758,20.024712749931844
1e-06,147,0.0027668982277031483,19.630483635360896,0.17103884336227299,0.20897119580872503,0.0019221484861337223,0.0020944871273274913,0.29532119667352796,504.496378265269,46.21155935447621
1e-06,148,0.00143095287927029,20.676641016423474,0.3195925955276351,0.17587574887416402,0.005655997216738209,0.0002395564191725974,0.29954332210751344,520.1215009251488,38.203366278058915
1e-06,149,0.009097853175999239,20.249100319730733,0.18467774602358966,0.14758033394705827,0.004280684389425938,0.008260551584711699,0.29743756941311084,515.3438772054164,44.947140228015776
1e-06,150,0.009247886840888822,16.5300258568517,0.27761790996193136,0.23330372181709882,0.0010556217354353592,0.00902029147951552,0.0063767692136047155,470.60037711105304,45.28271945173981
1e-07,1,0.006898912514908641,21.182389236364315,0.15228728516744902,0.14751375095646294,0.00797365457332734,0.006762546707509746,0.11733286518057269,483.28139278663843,35.940806375551645
1e-07,2,0.0031708285692845896,24.565903247827343,0.1429488626888541,0.2009134066021932,0.009418028652699372,0.0024824571462957103,0.2846643455499955,516.7237453100372,18.356427745793923
1e-07,3,0.003483828040663571,21.720740913592063,0.20162312321859693,0.23297198789912765,0.006974534998820221,0.0032647286407011212,0.22017844899901995,472.0134955545486,17.855809933977284
1e-07,4,0.0027945567874987165,21.407112230509124,0.13677598824726095,0.1510150277432058,0.004651931537020509,0.0026642102829077096,0.24473292102744207,469.32943892894946,19.53141766620201
1e-07,5,0.006786872130532071,25.093231832140148,0.12108289285533527,0.18978520204973698,0.008547419043740014,0.0060162124169371315,0.279596508340795,522.4781361092021,45.119296108765234
1e-07,6,0.005331294632067716,22.566257175875023,0.31374769436232275,0.18192790136235296,0.00937672958767757,0.004949879400788243,0.08213195474699625,495.17787074747605,38.27636231898356
1e-07,7,0.003941865924677956,22.603487749665476,0.17610491400742256,0.23551810102123585,0.002570741752765343,0.0033982833761031983,0.0776560195928782,485.5446479944286,15.175781680099613
1e-07,8,0.006487457505477379,21.97781537777671,0.2445790451429261,0.14235740611376774,0.0006808768948794575,0.006168289772563805,0.052897896084361025,480.438838721959,30.43103838066413
1e-07,9,0.0049349368151558465,20.081801323659906,0.1345465384444212,0.13268932946281525,0.004743331153335445,0.004763688550811919,0.07656970614585008,479.75652681480483,24.767349193481834
1e-07,10,0.005439560848437488,23.36962663901615,0.15993321887299844,0.17241423891989738,0.0021197903635151063,0.004956305966730407,0.07387839774922127,533.8482652466945,21.304570653326227
1e-07,11,0.0004336656838202259,18.66859440415699,0.10526719697736682,0.2051086379869288,0.004463795242207603,0.000408695810826879,0.2789847885339375,454.5396066311793,31.706908151581796
1e-07,12,0.0038267557292455947,23.512948462505683,0.1024322592069593,0.22334836672647324,0.003114494642130865,0.0033713345080148794,0.021480570373279873,512.4627076500583,42.251425265355465
1e-07,13,0.010490230593817474,24.226273319396256,0.10794409113503552,0.18955468905873368,0.00741959274526392,0.00978753879788451,0.1662479844377324,543.1868471848438,48.31881380830772
1e-07,14,0.005321493120088836,23.368888356623838,0.11587489654857794,0.21210616622229536,0.002008421699272808,0.004627542193847425,0.19078243614261794,541.2795436793712,26.944854334268918
1e-07,15,0.004494762046972181,23.84549806461158,0.10673139013745184,0.18456148709016534,0.00233527754767885,0.0038977972945379124,0.14486789788970725,516.6778411052875,28.685116473619363
1e-07,16,0.001594015696960633,22.307114496283262,0.3266250491521251,0.24257778669374902,0.003673747685204355,0.00030979192721373837,0.1812051501899844,536.559675511832,33.164018160159415
1e-07,17,0.005219807240079414,24.98734389645812,0.3102678175915525,0.24043061490951417,0.007696445706715498,0.003915429568233974,0.22328232949037155,541.0113173286577,38.041053500443994
1e-07,18,0.008130789324338016,22.165640894389533,0.30526240627719287,0.10020398242390105,0.007382262998173136,0.007649412875264031,0.08137565313971717,519.5762590809658,28.356234344188028
1e-07,19,0.007190183318822263,24.837028858856453,0.10995443582726813,0.2232070038944158,0.009541148963943672,0.006511288275149426,0.21958578773994636,523.2224257142707,40.174266267646914
1e-07,20,0.00886522322663997,24.879643723218273,0.17291585767767076,0.23391436193396942,0.007444539071071617,0.007751859505552492,0.29805643473357596,548.6453058059653,37.470110327506575
1e-07,21,0.010264172383914782,24.534672899602842,0.20939617644751551,0.2226069283558344,0.00824830617299628,0.009650988900381104,0.2091036994743706,501.7395065009454,28.713349109655407
1e-07,22,0.009049150373723695,25.154968006664458,0.29430124525054896,0.21370684371353774,0.00534827605242831,0.008223748253625176,0.2418039511413367,507.26154889976647,41.03167901046322
1e-07,23,0.006364586885785043,25.703864633207505,0.20401483823111857,0.21696529915734375,0.007279920655961153,0.005371723931050552,0.28139840784551035,521.1236384012457,45.76900978874251
1e-07,24,0.006461285524121519,24.4166522013185,0.15958713079173056,0.21357609562891644,0.008140753493469275,0.005627572049930168,0.2730587404424705,535.0622845613999,23.80940477650295
1e-07,25,0.009732159060726909,25.34725462898579,0.22731288625193216,0.2180264837596934,0.007270775899582967,0.008722958518296211,0.2710263939296215,519.9723444852772,27.975273031400956
1e-07,26,0.004666859916091546,23.91863741907083,0.23013197816249367,0.13597201923619776,0.004694417218499773,0.0037378576115285646,0.2792223548309897,539.6391468050958,28.532693318048622
1e-07,27,0.0098349405579061,22.272666081626948,0.22978502123427225,0.2304650208274141,0.0006607651342141874,0.008979029736735662,0.20046091815459538,524.248901748046,15.163902565337152
1e-07,28,0.009936560711814781,24.88749624982257,0.21572102131701998,0.1700579975255494,0.002381393023921128,0.009068331208068938,0.239871857575523,512.3552226513434,25.86767510132661
1e-07,29,0.008033687217079014,25.334505879637803,0.24392395996010643,0.2441058548981653,0.00379318945392688,0.007087250653947069,0.2464892716765461,506.18559632819813,24.348322707269105
1e-07,30,0.005788701508324543,25.742334233138234,0.24249445798427205,0.240921966975888,0.004296548401321106,0.00476797815198693,0.2535059438910464,517.2590791645564,47.56595640988102
1e-07,31,0.0023272996174458754,24.69268875503432,0.15850416844760384,0.13890832690272778,0.002074155763119806,0.0016400956714183112,0.29008722138800014,504.8159546781354,27.37323666208003
1e-07,32,0.009601257209898684,25.093796776691747,0.3060498659372093,0.2005866130692524,0.009431944430556442,0.009268910010811805,0.007686997730378974,549.4867597635932,25.102632570466838
1e-07,33,0.009786393993837985,25.64378086686602,0.28908710396041004,0.15935920777212564,0.002136144782726435,0.00876852367219598,0.2852858978701536,515.5544872509995,46.733800753944955
1e-07,34,0.0010521320666332895,23.72992309385534,0.10269885797247631,0.2483421508819228,0.007741528020101077,0.0006374439541749077,0.03373470821285017,543.8129690669413,28.28983896489767
1e-07,35,0.0023187791344159445,24.835257694017063,0.3234174970613456,0.23905032180077027,0.00896679595017506,0.0013086277742334297,0.13175550617267837,549.2563016128094,36.972899587821516
1e-07,36,0.006769908005753699,24.46584063819271,0.11559945208537599,0.2461879748553606,0.00011296437987654562,0.006250301002462969,0.02126769277860412,542.7400725525918,35.721417821034805
1e-07,37,0.001630923031240158,23.865793038053322,0.19335733586612786,0.24801294716125297,0.001705086772636899,0.001084345890993873,0.27354471281945736,484.72758497828556,22.395397105000868
1e-07,38,0.004891582308304818,22.210683408168556,0.27985867777147566,0.24765452114903966,0.002189629589708304,0.0044598629238996115,0.23792587829280687,485.23341940249077,44.07938721943306
1e-07,39,0.0045761749641863875,25.97073135847204,0.23729105713306,0.21493081550982018,0.002788049226212643,0.003401879236340545,0.2780052570457755,523.8707634647516,49.80883420393305
1e-07,40,0.00980081625737492,24.77939199771059,0.19593424000664786,0.14543141875058718,0.007195013454433391,0.009153552373869655,0.2922003156378696,506.37812504341787,30.285578977378513
1e-07,41,0.010737358031056233,25.09530598634943,0.1299373459690201,0.19263023191901124,0.002742466693190393,0.009705434617001558,0.29277108221201986,536.5453711151447,46.31042305989568
1e-07,42,0.0030631804204145968,24.9846532742779,0.16175888967875568,0.13258260504858488,0.002207391709909523,0.0022321292692584994,0.2600468916747939,518.4272568972802,48.66354453424381
1e-07,43,0.00812436119537779,24.81027811871531,0.169062528439757,0.21363325834144903,0.004195656577815383,0.007048135425872781,0.22997884271079716,547.1724995409475,47.25105474278619
1e-07,44,0.004369501998703573,18.327175233464093,0.1409941818510459,0.21798828174494317,0.007638724688567509,0.004340309287869332,0.0030370192043435605,458.913973332166,24.588008316403474
1e-07,45,0.00779368687932243,18.95683593329359,0.2997935413466414,0.10875936620177513,0.005061341357378949,0.0077650887609993806,0.005820103734632776,462.65059883034286,47.38168034130631
1e-07,46,0.005558131958751069,17.49977355690471,0.2169140142231405,0.10978939629581379,0.004271592492974105,0.005540896491240386,0.011306613682517097,450.0342154686605,19.992516293119387
1e-07,47,0.010210529375060255,23.55510882650768,0.11715411879658533,0.17804846230962512,1.0655043022509414e-05,0.009830596944342726,0.012849897036481804,520.9716930038821,17.04718258840585
1e-07,48,0.009098546896218066,25.282776438475988,0.27737171471568955,0.13172349348720724,0.004905574440500367,0.008100181896795186,0.24896007506232432,522.7036842415093,48.0255953846966
1e-07,49,0.007173242151873411,25.087299289414897,0.3213473059752759,0.14897126761172066,0.009710983717236315,0.006248244017876074,0.22429160069150694,521.1068360864831,34.579693805945155
1e-07,50,0.0006612267399004989,24.04956334531674,0.3212748402296858,0.10924915359271448,0.009107334961079707,0.00012097500043451004,0.050741121860076045,538.881906942946,49.86174021046987
1e-07,51,0.002905193868890603,24.939594556708354,0.17170842079530813,0.14280399872532798,0.009985552432346782,0.0019284263227284082,0.29601378245940213,532.7889207494127,37.30201207688151
1e-07,52,0.007270397847739714,24.441946975498542,0.3262240898491925,0.1979229889330842,0.007081850179734086,0.006267825196884238,0.29405369078159965,520.5419568876168,16.296820824799475
1e-07,53,0.006585708925167516,23.996975932842826,0.315767353936554,0.2020677767207016,0.002808052697665581,0.006000032998109768,0.2954139909066294,482.4420959612313,17.841470121003724
1e-07,54,0.00438029381034522,24.21564427742345,0.3283005668615875,0.2273658438750862,0.00940018863718887,0.003788692673955275,0.24129616103152646,488.3364765918508,16.34668793509105
1e-07,55,0.007469742481260889,26.20823608010115,0.3062068084783277,0.2430655217501003,0.003949988797244187,0.00610222366901218,0.26735141331561435,527.0640272572969,48.34310725088372
1e-07,56,0.006813704405331689,25.169780592526564,0.2237927750109438,0.19445621902481666,0.009402410629132787,0.005646082382491281,0.24363819291178737,543.6890540121196,48.04096182466844
1e-07,57,0.004796839987856578,25.94088643690539,0.27562461461785526,0.23490658641760692,0.005558532836855804,0.0033814544384856192,0.2770362840501034,535.5343042930284,44.03128437251603
1e-07,58,0.008002666264709335,22.56004193966495,0.11617087361247347,0.11766014539653212,0.0011333149251701858,0.007791822291445366,0.025873141180849244,548.6063511539417,35.1773581910324
1e-07,59,0.005949802140051007,26.15175096672256,0.31014767587020664,0.2433288691855732,0.004036096372402514,0.004962710689859621,0.048670480241920895,528.3285074572632,48.21374634919187
1e-07,60,0.0021289878027907143,26.098719127187923,0.2837291986389998,0.2039851946924962,0.0003573845117907615,0.00131861543086215,0.0192550825065094,540.0775218190395,40.74976487574883
1e-07,61,0.009974853039575194,23.325504767535985,0.27134237888953794,0.2450259431139963,0.00031582583532240304,0.009421560693405624,0.09536322536926235,493.8876544322519,49.857039711389696
1e-07,62,0.0009115829567504964,24.309893270388862,0.18903765542034912,0.24690042105243917,0.0019249592333401933,0.00011122694250278897,0.07080741452884545,517.469679673667,41.53884904963195
1e-07,63,0.007377253212658937,26.379367150305782,0.3054026586508165,0.21161793409664995,0.0035111369516777425,0.006554664811194416,0.0023615758749936377,526.1049230774503,38.458661945244145
1e-07,64,0.005294819197739972,26.292716104237044,0.3103856117324504,0.2470416003478901,0.004018468494390644,0.004331581402105676,0.03644966423067767,527.328717256551,28.26049071592522
1e-07,65,0.008667521735014132,25.46376722766043,0.293002025444872,0.2487139928707892,0.006792855013103935,0.007905676251866566,0.014942676613527772,500.3968608744408,18.124820073900107
1e-07,66,0.004837124803716951,25.60018484113614,0.2320784155621499,0.2345117215972307,0.008411963281997805,0.004081376864611918,0.02875699527626194,534.2306175407299,46.48251823765392
1e-07,67,0.003666915144979276,21.460094230049773,0.14538774646340558,0.15186861535683946,0.005330052761541827,0.0031301107070456015,0.11826301896138244,546.8170978591107,33.42623740220799
1e-07,68,0.007247374692791438,24.563225094888168,0.30907022699780495,0.10787484124453453,0.00048612257842544303,0.006735863328472896,0.0025794388091222474,504.86230127967366,18.146357454305708
1e-07,69,0.009780213821602973,18.50259863296223,0.30253464883928116,0.23439458825351422,0.002581400180396963,0.009702493466761655,0.1305038180480342,451.01697248935676,30.19544883416142
1e-07,70,0.004011126427870439,17.719813360042483,0.2639025998426956,0.24027031069561267,0.003854767590393935,0.00396949350596715,0.11262086061506953,450.83196303331823,35.731048328646565
1e-07,71,0.002750747438384855,25.217643615262276,0.2915349493840099,0.17351307569892718,0.009713720667928248,0.002177022953926755,0.01734533849231713,516.961559049883,45.31369753052688
1e-07,72,0.0031813537391904025,26.136859779774582,0.2683722524489933,0.2344785110960962,0.0010423883792635802,0.0023397988823775397,0.0020246974573257634,522.2276152420809,19.454841877403137
1e-07,73,0.0038058878817089498,25.46059001390345,0.2358017499452928,0.24643612577882226,0.004705600528602003,0.0033371574362078393,0.008357722226135289,543.2212659975573,19.156138123842066
1e-07,74,0.007466045866105597,24.966335091440392,0.24407699377198985,0.23571466242441663,0.0025749876379216365,0.00706410651828148,0.03885204102547888,549.3131621830175,20.184965551410315
1e-07,75,0.003392319683507887,25.740918786837476,0.31363824780033767,0.24109712030251723,0.0008972555439299989,0.0023905750271129736,0.06842680614245016,518.0380053061252,15.669249339460466
1e-07,76,0.010259020138191317,26.163759250128184,0.2670054424702625,0.24787029656367215,0.0008177852839939493,0.00888633420157429,0.2799085001323225,527.1535938233017,46.516706776098246
1e-07,77,0.005796785624148493,25.87379706091382,0.27023044655405565,0.24385506853137828,0.0021946418002183467,0.0046069683078385675,0.27427313513389967,515.1162194100697,30.22526735399299
1e-07,78,0.00767128921363665,25.26579104519218,0.32974230563941087,0.15694702080229744,0.0017200972064286713,0.007114146355263043,0.02983412592302498,538.4791198381786,27.470364578160734
1e-07,79,0.0016521731683766306,25.669171669476764,0.30378458567547184,0.1721612905252225,0.00014877128313899534,0.0008246486048584612,0.029316795657106973,515.0688911556393,27.0526707180995
1e-07,80,0.001434545618306075,23.536309581534812,0.15300048583125464,0.23033617153390956,0.009949943782212999,0.0007934667592009081,0.13899838708498577,522.3291820426941,19.8988870349258
1e-07,81,0.010577631378157999,26.013134957172102,0.26715611500623965,0.2085227195189705,0.0004298817587805159,0.009783874813820185,0.014976638649390394,531.0389695854029,34.51655313489631
1e-07,82,0.010089785372720775,25.153540669253463,0.2636580124058223,0.23271084676370024,0.0015306394886908914,0.009014413416025253,0.29570346740220793,507.4686435562228,15.95613514863314
1e-07,83,0.007025706971163369,25.85539640053568,0.3270651821164622,0.222370209874922,0.009239759055520998,0.006125839299685326,0.05446147348464083,532.5044957362802,45.047928649730636
1e-07,84,0.006130786466930787,25.88086840612,0.31257254609851604,0.22217156666507681,0.008755026739463257,0.005119484475558194,0.2943154409414031,513.9940138243494,42.0494217072024
1e-07,85,0.008428515001662914,23.927634462895757,0.27966741183246213,0.24650446233491344,0.009448680733954587,0.008034226971066438,0.00830998269185157,496.8344085842306,49.3346011880188
1e-07,86,0.01062099671509813,24.40714253910825,0.10078812734649106,0.22354687590378142,0.0020750160917673453,0.009834578066887574,0.27054071601626306,534.2795256246039,29.71917563079317
1e-07,87,0.0048541839111714835,26.560833898090888,0.32228201805090967,0.23194183411309485,0.0018306900136557459,0.0038971241407033596,0.008004831209728691,520.1892670397701,31.227649723292046
1e-07,88,0.007976302908151022,26.39521011829774,0.3029266605757799,0.22108955715972667,0.002803204805783269,0.007174938946103231,0.003402138444210334,533.7410927366543,33.50147274107367
1e-07,89,0.005286373774578026,22.960621831378493,0.20806106575372912,0.11048280707867317,0.0016642711887564533,0.0049491361030723395,0.2135422491164813,491.7548611181471,49.56047564042754
1e-07,90,0.007983260459250211,22.34122950565034,0.23140330350626415,0.10882810415719082,0.006851540111743908,0.007761981399553216,0.15050556678628685,492.1976879767295,49.38116268023711
1e-07,91,0.001779976045928547,24.253961594563428,0.11760619236787523,0.1124665944064989,0.008772974611917964,0.0012564226312910343,0.19538767830285952,516.9734711890361,41.75362478780194
1e-07,92,0.007370962615046042,22.78709682181603,0.1919557443521669,0.11368536986040127,0.0004743693473774291,0.006893801383914328,0.12158862788585512,493.3916125932643,21.143383217864177
1e-07,93,0.009206731787332514,24.762506170365402,0.17895016861019905,0.21200552075071175,0.0008129191691337612,0.008543295212898318,0.2890709651717219,502.1609058380369,45.07133094048231
1e-07,94,0.010922724054453874,24.335157974056457,0.32949399769473875,0.24592644118285928,0.009452453495182155,0.009842258067249574,0.22233461675714808,525.0415283881696,21.24840046129063
1e-07,95,0.0019294057489302942,25.650440827402758,0.3246738211737152,0.19157121784521264,0.007945677000806237,0.0013680626115876793,0.003456299019617126,528.5011110376777,17.42726147253167
1e-07,96,0.009361513457149633,23.850579327758034,0.10266263500976694,0.22168909932255648,0.0006100851128240359,0.008825443706346062,0.22806942480790465,492.9023006945002,15.661170094481204
1e-07,97,0.0025863947296389566,25.554198697445212,0.3198432857625939,0.15786681990446225,0.0002761334786359881,0.00176364591152528,0.04446150193731358,528.8213346240078,49.431979031314334
1e-07,98,0.007230092371702093,23.75166252144533,0.31170920399901364,0.16424025570725764,0.00011912782740601591,0.006628743359333078,0.25733032526991706,483.948038255853,19.883885146987474
1e-07,99,0.01025711418784334,26.135235668042935,0.3095559281144775,0.24995242228823458,0.005424353580145521,0.009461836306336839,0.032318596987782264,547.3783503681886,38.85360493622822
1e-07,100,0.009245441426871465,22.288859917127823,0.1779469533145794,0.24469536149647533,0.0008711353897399776,0.00873596969671748,0.14827274857043607,489.4694062476052,31.92006184590762
1e-07,101,0.008708229844673303,23.503822918965962,0.10609527550759135,0.18222558716316004,0.0002466315993397794,0.008217252672545989,0.17521543063230033,493.8985521073606,19.61376358718133
1e-07,102,0.005895995954727731,22.296681834442417,0.10464038462721041,0.1848807545347738,0.008388974851010745,0.005720275213214632,0.18772609493070547,479.8398727165144,16.226651443740327
1e-07,103,0.009412370280556668,26.250527720434803,0.29448675037675137,0.21701513824028743,0.005588496464644638,0.008625000887653457,0.009328387855299035,535.7942280844634,49.36281303600801
1e-07,104,0.0007143288219511702,19.338599933694095,0.3139919591498429,0.1028810753698682,0.00840426207056517,0.0006999853192907324,0.2857447425509552,461.98200045668995,36.870227398511844
1e-07,105,0.00035680191075206015,23.197437211135128,0.15133199628658786,0.2307868528587354,0.008979786737170288,3.72403754909334e-05,0.19907391242304043,496.0628951850024,49.61547710317366
1e-07,106,0.005211238616595957,24.948256114324558,0.32474806974402826,0.1284007524242051,0.005132799312385227,0.004326909347695277,0.2741213982743749,510.5993043857279,25.012557600677127
1e-07,107,0.004877613692377895,24.349421162894433,0.3101929557614094,0.18617041911639115,0.00881041653360384,0.003751320905114145,0.1849659378827141,547.2301593661623,48.22712459929988
1e-07,108,0.00547464484995123,25.077958507292166,0.30046269133777675,0.23787032687013857,0.009809145687283964,0.0051072924481583536,0.03719179032536589,549.3396588008764,18.324878825244653
1e-07,109,0.005376658848207843,25.61839727266503,0.29206439036152004,0.24269220882690684,0.006407181453167357,0.004097444821591737,0.20638951574561415,533.195784134632,48.39073041785531
1e-07,110,0.002651694032771735,24.225767547692065,0.22814031946169624,0.22626161095916103,0.009392820642983902,0.0020095586250132016,0.1515352364380014,510.62621113736753,48.88632446349108
1e-07,111,0.001748007573460529,22.320134106730006,0.32159209396056243,0.10575588329778013,0.009192703825287005,0.0015751360590868114,0.19158806236783157,483.25582149176984,29.07509605052169
1e-07,112,0.0034672682168533217,23.272969693917243,0.32256527069502355,0.17055737581170027,0.0001777025514362407,0.002963009894682439,0.05479288851482742,479.8410770341583,19.521361966544788
1e-07,113,0.009123885988676701,24.865923458549897,0.19036589348309435,0.17716452647333164,0.008112020860266508,0.008624217213236706,0.005489821447909415,523.335376053476,38.80842028651108
1e-07,114,0.008372735742044914,25.676249326542578,0.3000822809601042,0.233262023663853,0.0026688875292231995,0.007449879820400852,0.07287282435678778,533.0684125392092,27.24297193509699
1e-07,115,0.005217006082244015,24.598793806847247,0.21291051372333292,0.24514165651076017,0.0019535944145996445,0.004290492514291413,0.0947656767017811,545.5921263322149,44.88539999761356
1e-07,116,0.005647537922075872,24.17708464133201,0.3176343121771974,0.14842471020877093,0.002142148580411927,0.004792713997505349,0.09747292536486048,544.7684639893896,49.46082596468703
1e-07,117,0.003748816670983811,23.725876707898067,0.16259712650545946,0.23501862779184648,0.0007957348680226728,0.00288272250179201,0.11476101428679407,529.5300392064173,49.51777544910304
1e-07,118,0.01101901836075017,24.4337647301914,0.29723342658594665,0.19850523539067907,0.009214394194027515,0.009975123775014682,0.15405464429801816,537.296634783963,49.67199537400376
1e-07,119,0.006064791343170019,26.02854310476867,0.29044874227769696,0.22936995583478456,0.003845246317629247,0.005461756959230607,0.0012833262322169525,549.2650348491779,33.50824672143631
1e-07,120,0.010584685591829027,24.984401818853993,0.30933055355485084,0.1692733013569006,0.00792533100174819,0.00927659254881955,0.285674424416871,545.9700655703413,44.246760261359285
1e-07,121,0.0017148528736202952,25.219619126850763,0.3289840886845946,0.16692447303159347,0.009993324896858238,0.0009391067312897761,0.24927701661609017,510.42204805609964,40.716136256705965
1e-07,122,0.006399583827745534,25.519783263340997,0.24051050980981037,0.2479837574440079,0.008288003299002035,0.005685987354956179,0.020127790761474796,516.4865124463424,40.184512588636125
1e-07,123,0.005556265232046591,23.408302748522456,0.10682937706522744,0.1446637993114223,0.009264658342341702,0.005158214678297839,0.2441351294192285,522.1209107266836,15.777578162724437
1e-07,124,0.008721206875815585,23.54616076030463,0.10062219551671137,0.1134416003843117,0.008315875817740442,0.008095388463590047,0.2530389884436499,545.420824550198,36.27742396671279
1e-07,125,0.001798489671948831,22.100309706820006,0.319238663869545,0.23408939830974912,0.004913696853289529,0.001543284847635331,0.002110121696314693,472.3527897371918,25.9457663466215
1e-07,126,0.0025390348207184076,25.537749497391957,0.3055760786053229,0.2191469609132935,0.0026959687000172516,0.00174463099878455,0.037837646826580175,510.7459034348539,41.608703937703396
1e-07,127,0.004103428302161373,26.07076079608658,0.2418601695455666,0.24008665039633323,0.00824075794769243,0.002759794944799283,0.2930071626095168,534.1003061269616,48.94742724781721
1e-07,128,0.002375843873208753,25.61846460455236,0.20600135788176077,0.24633754918598386,0.00812384493053633,0.0010612824782912868,0.2731898604260377,544.4518966752767,49.066968824652015
1e-07,129,0.006547866857995771,24.19736538430514,0.2955322875947131,0.12329863900590109,0.000911603424406241,0.005347951647051592,0.2540257046995375,548.8847445374759,49.58177174878518
1e-07,130,0.004363517092603694,25.017247833074563,0.30881727087585736,0.24170074917914966,0.00014927565463764613,0.002878866802183967,0.23846017629847177,545.7605290009668,43.67117990309731
1e-07,131,0.0035023918455301347,24.221949092012547,0.11266336913825349,0.23779791368441766,0.008468893035631338,0.0031218008118598616,0.005890946906185812,548.4870018268356,39.580646154081556
1e-07,132,0.002563276366536668,25.88662303562608,0.3023773240786374,0.22803149729185732,0.0005338318031461964,0.0020019795242807847,0.01483553260793955,540.5406689233369,16.994834975764128
1e-07,133,0.005415524859563996,25.842312229266422,0.2710922546759528,0.22921106964495616,0.0003133284655621116,0.0044833096094062655,0.051130025905515096,543.3272470119124,47.73369092628824
1e-07,134,0.005725248884083792,25.98413113258277,0.2984427700876876,0.1787128012395599,0.002108645380151409,0.004996123824613427,0.003098529769772296,520.5415311445092,44.11937545928289
1e-07,135,0.008170250475286998,25.687284446708677,0.18880519763559253,0.23595608635156215,0.00022210647727517353,0.007436679251203239,0.002435121363739756,523.667728616228,46.45198647935509
1e-07,136,0.003556092867071712,19.14163612493576,0.13526991592933585,0.10483072637113065,0.0013518757500481915,0.0034829414129276437,0.18614086398466706,462.55405381513685,41.23117940521648
1e-07,137,0.00011467677401157727,17.661014186941927,0.2936894849929983,0.164723842295184,0.000917140476641769,3.61993537135763e-05,0.20026270213340344,453.80089273694597,49.29712385733102
1e-07,138,0.0021509701471711306,25.13668449280788,0.30347171458906896,0.1300003529374686,0.002117476052474333,0.0007937030902760412,0.28143107563947095,538.59060618954,49.29971122545051
1e-07,139,0.009185490476172321,25.070488194101735,0.3079174768155923,0.2089009219772811,0.005968603857691618,0.008258905397699518,0.0907428614896793,546.8836715036496,48.23571205782361
1e-07,140,0.00732283794346953,25.623996036723145,0.2987950690687008,0.23786966589002298,0.000622182291276886,0.00621916949561941,0.08976031819842015,533.44767023899,40.962328835658305
1e-07,141,0.005200926356612985,24.640748536034646,0.24421569007628682,0.10572665833965234,0.0028456327966346405,0.004363317650723912,0.19491970280198478,522.0711051070414,47.41254351141767
1e-07,142,0.00144685694127893,26.039198837067286,0.23348804916894422,0.22812080887110456,0.0016412477395066794,0.0006477379056481991,0.011261904626484253,537.0234508279121,44.881936854966895
1e-07,143,0.002219443921651224,26.238451473098948,0.28806349871344505,0.24051655518532705,0.0015242098407889993,0.0012577415680491988,0.017281462355333985,515.2963345381133,23.980954393539363
1e-07,144,0.005250534378399477,22.607946550772365,0.15222564376559392,0.23208836678871725,0.00799666828401559,0.004722391864618305,0.08362081340768662,516.7015575828387,15.397256973751722
1e-07,145,0.003408958174325148,25.23088357068775,0.13050633927643648,0.22613455635354573,0.0028601774232695156,0.0024489369939459317,0.2980819154422125,525.7984480128721,34.78095894836967
1e-07,146,0.009536478490056259,24.616615461152907,0.20186099193777843,0.24992696380740867,0.0067898073890844115,0.008836572402550083,0.05405956957905562,516.7589160178758,20.024712749931844
1e-07,147,0.0014304966464177148,25.914065024672617,0.3195925955276351,0.17587574887416402,0.005655997216738209,0.0002395564191725974,0.29954332210751344,520.1215009251488,38.203366278058915
1e-07,148,0.006449810658368467,23.474520391837952,0.23487922305112852,0.22950922831042508,0.009497564789204759,0.006100397257314925,0.29984903331624024,480.67979883256567,16.49556955659019
1e-07,149,0.0073138303420990074,23.135080882886236,0.2712490496910769,0.24104546289645834,0.0036780644009190688,0.006374820400441766,0.13690112156163695,507.6731207258781,16.15787727663851
1e-07,150,0.0014038138091075354,25.537872663850173,0.2609591318615395,0.1902071340913309,0.0024679248347355275,0.0003653965802723136,0.2152977653910657,520.75130894081,48.31619256894704
