noise,total_experiments_used,parameter,name,estimate,true_value,relative_error,rms_normalized_parameter_error,cumulative_information
1e-05,10,p1,A1,1273.4698543755444,15672.02,-0.9187424560219076,0.0867162331539218,
1e-05,10,p2,E1,1306.826409856414,3453.38,-0.621580477718521,0.0867162331539218,
1e-05,10,p3,"K_ads,1",13.494951663401276,30.836,-0.5623637416201429,0.0867162331539218,
1e-05,10,p4,"K_ads,2",243.61778007652342,558.532,-0.5638248478573772,0.0867162331539218,
1e-05,10,p5,A2,0.317695483270369,0.7439,-0.5729325403006197,0.0867162331539218,
1e-05,10,p6,E2,52424.14873443387,40000.0,0.3106037183608467,0.0867162331539218,
1e-05,10,p7,"K_ads,3",21325.697758530914,17197.0,0.24008244220101843,0.0867162331539218,
1e-05,10,p8,"K_ads,4",128528.8052579134,124119.0,0.0355288493938349,0.0867162331539218,
1e-05,10,p9,Inhibition / adsorption,95356.37240736032,98084.0,-0.027809098248844637,0.0867162331539218,
1e-05,14,p1,A1,1711.3954636844055,15672.02,-0.8907993057892725,0.08972831840706973,
1e-05,14,p2,E1,1523.6684304750756,3453.38,-0.5587892353360836,0.08972831840706973,
1e-05,14,p3,"K_ads,1",14.807490834264978,30.836,-0.5197985849570315,0.08972831840706973,
1e-05,14,p4,"K_ads,2",269.34103704096134,558.532,-0.5177697302196449,0.08972831840706973,
1e-05,14,p5,A2,0.34961787504710956,0.7439,-0.5300203319705478,0.08972831840706973,
1e-05,14,p6,E2,57286.27808543868,40000.0,0.432156952135967,0.08972831840706973,
1e-05,14,p7,"K_ads,3",23982.256490064145,17197.0,0.39456047508659325,0.08972831840706973,
1e-05,14,p8,"K_ads,4",129428.32630550681,124119.0,0.04277609637127925,0.08972831840706973,
1e-05,14,p9,Inhibition / adsorption,94328.69371290237,98084.0,-0.038286634793622085,0.08972831840706973,
1e-05,18,p1,A1,102.43630328728501,15672.02,-0.9934637460080268,0.25317342850181745,
1e-05,18,p2,E1,401.0491520939767,3453.38,-0.8838676450046109,0.25317342850181745,
1e-05,18,p3,"K_ads,1",6.96711148732915,30.836,-0.774059168266664,0.25317342850181745,
1e-05,18,p4,"K_ads,2",85.30400523567278,558.532,-0.8472710511919231,0.25317342850181745,
1e-05,18,p5,A2,0.1833580646440938,0.7439,-0.7535178590615758,0.25317342850181745,
1e-05,18,p6,E2,106744.59055987472,40000.0,1.668614763996868,0.25317342850181745,
1e-05,18,p7,"K_ads,3",54591.40639052254,17197.0,2.1744726632856044,0.25317342850181745,
1e-05,18,p8,"K_ads,4",136208.9543978993,124119.0,0.09740615375485866,0.25317342850181745,
1e-05,18,p9,Inhibition / adsorption,52140.151808560695,98084.0,-0.4684132803662096,0.25317342850181745,
1e-05,22,p1,A1,1787.0273642808581,15672.02,-0.8859733866929178,0.07243826267848569,
1e-05,22,p2,E1,1564.9280889845763,3453.38,-0.5468416192296891,0.07243826267848569,
1e-05,22,p3,"K_ads,1",15.05179851515633,30.836,-0.5118757778195508,0.07243826267848569,
1e-05,22,p4,"K_ads,2",271.5717949879173,558.532,-0.5137757639886035,0.07243826267848569,
1e-05,22,p5,A2,0.3561296504044961,0.7439,-0.5212667691833632,0.07243826267848569,
1e-05,22,p6,E2,48588.73225295647,40000.0,0.21471830632391176,0.07243826267848569,
1e-05,22,p7,"K_ads,3",20532.252182848908,17197.0,0.19394383804436285,0.07243826267848569,
1e-05,22,p8,"K_ads,4",126944.94021836677,124119.0,0.022767990544290316,0.07243826267848569,
1e-05,22,p9,Inhibition / adsorption,96808.53085032258,98084.0,-0.013003845170235895,0.07243826267848569,
1e-05,26,p1,A1,2449.404462318074,15672.02,-0.8437084394788882,0.05904441515321337,
1e-05,26,p2,E1,1849.4035033197206,3453.38,-0.464465681934881,0.05904441515321337,
1e-05,26,p3,"K_ads,1",16.585364526552567,30.836,-0.4621428030045217,0.05904441515321337,
1e-05,26,p4,"K_ads,2",300.9190069414308,558.532,-0.46123228939177924,0.05904441515321337,
1e-05,26,p5,A2,0.3980058537822872,0.7439,-0.46497398335490364,0.05904441515321337,
1e-05,26,p6,E2,35392.470510530045,40000.0,-0.11518823723674887,0.05904441515321337,
1e-05,26,p7,"K_ads,3",15153.968559594547,17197.0,-0.11880161891059215,0.05904441515321337,
1e-05,26,p8,"K_ads,4",123217.09372814732,124119.0,-0.007266464214606014,0.05904441515321337,
1e-05,26,p9,Inhibition / adsorption,100585.59586576856,98084.0,0.02550462731708082,0.05904441515321337,
1e-05,30,p1,A1,3330.7084018046753,15672.02,-0.78747421188815,0.04719301354824951,
1e-05,30,p2,E1,2001.4491047443619,3453.38,-0.42043762784739536,0.04719301354824951,
1e-05,30,p3,"K_ads,1",18.47627363190464,30.836,-0.4008213246885251,0.04719301354824951,
1e-05,30,p4,"K_ads,2",333.1294466113095,558.532,-0.4035624698113815,0.04719301354824951,
1e-05,30,p5,A2,0.4415633693890492,0.7439,-0.40642106548050916,0.04719301354824951,
1e-05,30,p6,E2,42755.1271050051,40000.0,0.0688781776251275,0.04719301354824951,
1e-05,30,p7,"K_ads,3",18170.393105099138,17197.0,0.05660249491766807,0.04719301354824951,
1e-05,30,p8,"K_ads,4",125487.31318119932,124119.0,0.011024204039666148,0.04719301354824951,
1e-05,30,p9,Inhibition / adsorption,98052.17212760734,98084.0,-0.00032449606860102836,0.04719301354824951,
1e-05,34,p1,A1,0.18556146131087445,15672.02,-0.9999881596972624,0.5800516274423614,
1e-05,34,p2,E1,0.32817918636030896,3453.38,-0.999904968701284,0.5800516274423614,
1e-05,34,p3,"K_ads,1",3.7295671137427164,30.836,-0.8790515269897938,0.5800516274423614,
1e-05,34,p4,"K_ads,2",0.40561758223786015,558.532,-0.9992737791527829,0.5800516274423614,
1e-05,34,p5,A2,0.5609965087513178,0.7439,-0.2458710730591238,0.5800516274423614,
1e-05,34,p6,E2,13171.613449944754,40000.0,-0.6707096637513812,0.5800516274423614,
1e-05,34,p7,"K_ads,3",13387.442003046523,17197.0,-0.22152456806149198,0.5800516274423614,
1e-05,34,p8,"K_ads,4",13222.337512955564,124119.0,-0.8934704798382556,0.5800516274423614,
1e-05,34,p9,Inhibition / adsorption,13194.374055781358,98084.0,-0.8654788338997048,0.5800516274423614,
1e-05,38,p1,A1,2638.3616260847175,15672.02,-0.8316514638135533,0.05322502266487939,
1e-05,38,p2,E1,1848.9894604889005,3453.38,-0.4645855768873103,0.05322502266487939,
1e-05,38,p3,"K_ads,1",17.032895574530325,30.836,-0.44762953773088837,0.05322502266487939,
1e-05,38,p4,"K_ads,2",309.44847804152323,558.532,-0.4459610585579283,0.05322502266487939,
1e-05,38,p5,A2,0.4104889886993949,0.7439,-0.4481933207428487,0.05322502266487939,
1e-05,38,p6,E2,41944.70134099287,40000.0,0.04861753352482174,0.05322502266487939,
1e-05,38,p7,"K_ads,3",17619.031005836354,17197.0,0.02454096678701831,0.05322502266487939,
1e-05,38,p8,"K_ads,4",125040.49669144984,124119.0,0.0074242999979844855,0.05322502266487939,
1e-05,38,p9,Inhibition / adsorption,97999.45667866405,98084.0,-0.0008619481397164693,0.05322502266487939,
1e-05,42,p1,A1,1005.9543067114205,15672.02,-0.9358120837829826,0.08114874453466447,
1e-05,42,p2,E1,1354.161662791806,3453.38,-0.6078735433714778,0.08114874453466447,
1e-05,42,p3,"K_ads,1",12.243749596215748,30.836,-0.6029397588462917,0.08114874453466447,
1e-05,42,p4,"K_ads,2",225.44784081173253,558.532,-0.5963564472371636,0.08114874453466447,
1e-05,42,p5,A2,0.29888648050712724,0.7439,-0.5982168564227353,0.08114874453466447,
1e-05,42,p6,E2,39983.62786098912,40000.0,-0.0004093034752719177,0.08114874453466447,
1e-05,42,p7,"K_ads,3",17048.684057669267,17197.0,-0.008624524180422945,0.08114874453466447,
1e-05,42,p8,"K_ads,4",123964.46508089722,124119.0,-0.001245054496916492,0.08114874453466447,
1e-05,42,p9,Inhibition / adsorption,98293.78004353614,98084.0,0.002138779449616067,0.08114874453466447,
1e-05,46,p1,A1,994.3027933267532,15672.02,-0.9365555433615608,0.09056053458883734,
1e-05,46,p2,E1,1292.4282207951824,3453.38,-0.6257497811433488,0.09056053458883734,
1e-05,46,p3,"K_ads,1",12.310056944591013,30.836,-0.6007894362241857,0.09056053458883734,
1e-05,46,p4,"K_ads,2",224.9952380892608,558.532,-0.5971667906417881,0.09056053458883734,
1e-05,46,p5,A2,0.3022769569334837,0.7439,-0.5936591518571264,0.09056053458883734,
1e-05,46,p6,E2,49730.428063132866,40000.0,0.24326070157832164,0.09056053458883734,
1e-05,46,p7,"K_ads,3",21528.16666547507,17197.0,0.25185594379688725,0.09056053458883734,
1e-05,46,p8,"K_ads,4",126123.78832736102,124119.0,0.016152146950595966,0.09056053458883734,
1e-05,46,p9,Inhibition / adsorption,93557.39821317371,98084.0,-0.04615025678832721,0.09056053458883734,
1e-05,50,p1,A1,0.2863869542448713,15672.02,-0.9999817262258315,0.5771449860192416,
1e-05,50,p2,E1,0.32900807477626753,3453.38,-0.9999047286789244,0.5771449860192416,
1e-05,50,p3,"K_ads,1",1.813652688556564,30.836,-0.941183918518726,0.5771449860192416,
1e-05,50,p4,"K_ads,2",0.4036232517470556,558.532,-0.9992773498174733,0.5771449860192416,
1e-05,50,p5,A2,0.3929640458548763,0.7439,-0.47175151787219205,0.5771449860192416,
1e-05,50,p6,E2,13065.241724509879,40000.0,-0.6733689568872531,0.5771449860192416,
1e-05,50,p7,"K_ads,3",13704.008582750703,17197.0,-0.20311632361745055,0.5771449860192416,
1e-05,50,p8,"K_ads,4",13233.680828125282,124119.0,-0.8933790891956488,0.5771449860192416,
1e-05,50,p9,Inhibition / adsorption,13206.781160727624,98084.0,-0.8653523392120261,0.5771449860192416,
1e-05,54,p1,A1,4943.646714550541,15672.02,-0.6845558699803509,0.04062530891906819,
1e-05,54,p2,E1,2368.981432436327,3453.38,-0.3140107858282822,0.04062530891906819,
1e-05,54,p3,"K_ads,1",20.925429089422746,30.836,-0.3213961250025053,0.04062530891906819,
1e-05,54,p4,"K_ads,2",380.54832683536983,558.532,-0.31866334098069615,0.04062530891906819,
1e-05,54,p5,A2,0.508830683481932,0.7439,-0.3159958549779111,0.04062530891906819,
1e-05,54,p6,E2,35315.17984215818,40000.0,-0.11712050394604558,0.04062530891906819,
1e-05,54,p7,"K_ads,3",15087.069920097616,17197.0,-0.12269175320709333,0.04062530891906819,
1e-05,54,p8,"K_ads,4",123014.71424975556,124119.0,-0.008896992001582662,0.04062530891906819,
1e-05,54,p9,Inhibition / adsorption,99546.26755574196,98084.0,0.0149083189484723,0.04062530891906819,
1e-05,58,p1,A1,6746.323644285097,15672.02,-0.5695306894525979,0.025250994119953848,
1e-05,58,p2,E1,2577.1969662852616,3453.38,-0.2537175270936701,0.025250994119953848,
1e-05,58,p3,"K_ads,1",23.303143895176724,30.836,-0.24428771905640403,0.025250994119953848,
1e-05,58,p4,"K_ads,2",422.4156999279085,558.532,-0.2437036733295344,0.025250994119953848,
1e-05,58,p5,A2,0.5639120791350989,0.7439,-0.24195176887337158,0.025250994119953848,
1e-05,58,p6,E2,41123.83790917031,40000.0,0.02809594772925775,0.025250994119953848,
1e-05,58,p7,"K_ads,3",17489.204444117735,17197.0,0.01699159412209891,0.025250994119953848,
1e-05,58,p8,"K_ads,4",124631.55482910179,124119.0,0.00412954365650538,0.025250994119953848,
1e-05,58,p9,Inhibition / adsorption,97652.1966358584,98084.0,-0.004402383305550313,0.025250994119953848,
1e-05,62,p1,A1,265.52181365355085,15672.02,-0.9830575883865927,0.12176592181529418,
1e-05,62,p2,E1,841.261918301821,3453.38,-0.7563946283635682,0.12176592181529418,
1e-05,62,p3,"K_ads,1",7.767062782047373,30.836,-0.7481170455945203,0.12176592181529418,
1e-05,62,p4,"K_ads,2",145.83044191034548,558.532,-0.7389040522112511,0.12176592181529418,
1e-05,62,p5,A2,0.1908981415232403,0.7439,-0.7433819847785452,0.12176592181529418,
1e-05,62,p6,E2,44287.31673339061,40000.0,0.10718291833476523,0.12176592181529418,
1e-05,62,p7,"K_ads,3",18501.744733530242,17197.0,0.07587048517359087,0.12176592181529418,
1e-05,62,p8,"K_ads,4",125041.89782938971,124119.0,0.007435588664021696,0.12176592181529418,
1e-05,62,p9,Inhibition / adsorption,96920.83825359718,98084.0,-0.011858832698532116,0.12176592181529418,
1e-05,66,p1,A1,582.8631659799908,15672.02,-0.9628086764833129,0.09799049681953385,
1e-05,66,p2,E1,1120.230417200517,3453.38,-0.6756133361516784,0.09799049681953385,
1e-05,66,p3,"K_ads,1",10.16772233208575,30.836,-0.6702645501334236,0.09799049681953385,
1e-05,66,p4,"K_ads,2",187.87161912082368,558.532,-0.663633204327015,0.09799049681953385,
1e-05,66,p5,A2,0.24776616792178233,0.7439,-0.6669361904533105,0.09799049681953385,
1e-05,66,p6,E2,42865.3439837009,40000.0,0.07163359959252248,0.09799049681953385,
1e-05,66,p7,"K_ads,3",18177.550354739196,17197.0,0.05701868667437322,0.09799049681953385,
1e-05,66,p8,"K_ads,4",125024.822385604,124119.0,0.0072980154980623315,0.09799049681953385,
1e-05,66,p9,Inhibition / adsorption,97309.22453651975,98084.0,-0.007899101417970872,0.09799049681953385,
1e-05,70,p1,A1,944.6986517799704,15672.02,-0.939720683627256,0.08486701533554929,
1e-05,70,p2,E1,1308.8717296490215,3453.38,-0.6209882116508981,0.08486701533554929,
1e-05,70,p3,"K_ads,1",12.048489613267197,30.836,-0.609271967399559,0.08486701533554929,
1e-05,70,p4,"K_ads,2",219.56750181293032,558.532,-0.6068846515277005,0.08486701533554929,
1e-05,70,p5,A2,0.29128718806526693,0.7439,-0.6084323322149927,0.08486701533554929,
1e-05,70,p6,E2,44042.75620559711,40000.0,0.10106890513992767,0.08486701533554929,
1e-05,70,p7,"K_ads,3",18956.230763544965,17197.0,0.10229870114234839,0.08486701533554929,
1e-05,70,p8,"K_ads,4",125200.76353273616,124119.0,0.008715535355071859,0.08486701533554929,
1e-05,70,p9,Inhibition / adsorption,96909.43317959599,98084.0,-0.011975111337262062,0.08486701533554929,
1e-05,74,p1,A1,657.8910440695578,15672.02,-0.9580212988453589,0.09402559898123104,
1e-05,74,p2,E1,1172.535565493339,3453.38,-0.6604672623651787,0.09402559898123104,
1e-05,74,p3,"K_ads,1",10.600459116738774,30.836,-0.6562310573116236,0.09402559898123104,
1e-05,74,p4,"K_ads,2",195.25109436870144,558.532,-0.6504209349353279,0.09402559898123104,
1e-05,74,p5,A2,0.25848858438134786,0.7439,-0.6525224030362309,0.09402559898123104,
1e-05,74,p6,E2,41787.17080271257,40000.0,0.04467927006781429,0.09402559898123104,
1e-05,74,p7,"K_ads,3",17893.725279040398,17197.0,0.04051435012155598,0.09402559898123104,
1e-05,74,p8,"K_ads,4",124479.1681784996,124119.0,0.002901797295334345,0.09402559898123104,
1e-05,74,p9,Inhibition / adsorption,97525.43188946611,98084.0,-0.005694793345845276,0.09402559898123104,
1e-05,78,p1,A1,967.8414640267642,15672.02,-0.9382439874357764,0.08246145685363584,
1e-05,78,p2,E1,1339.4394738934934,3453.38,-0.6121366678750982,0.08246145685363584,
1e-05,78,p3,"K_ads,1",12.085377185466662,30.836,-0.6080757171660831,0.08246145685363584,
1e-05,78,p4,"K_ads,2",221.85948832885276,558.532,-0.6027810611946088,0.08246145685363584,
1e-05,78,p5,A2,0.294197717069,0.7439,-0.6045198049885737,0.08246145685363584,
1e-05,78,p6,E2,41235.46496379642,40000.0,0.03088662409491044,0.08246145685363584,
1e-05,78,p7,"K_ads,3",17685.495116058013,17197.0,0.028405833346398388,0.08246145685363584,
1e-05,78,p8,"K_ads,4",124292.57867483476,124119.0,0.0013984859274950654,0.08246145685363584,
1e-05,78,p9,Inhibition / adsorption,97624.2767207932,98084.0,-0.004687036409677371,0.08246145685363584,
1e-05,82,p1,A1,814.8740948691352,15672.02,-0.9480045268657687,0.08740306867704976,
1e-05,82,p2,E1,1267.7136975280214,3453.38,-0.632906399664091,0.08740306867704976,
1e-05,82,p3,"K_ads,1",11.402847551558779,30.836,-0.6302098990933072,0.08740306867704976,
1e-05,82,p4,"K_ads,2",209.27117000313757,558.532,-0.6253192834016,0.08740306867704976,
1e-05,82,p5,A2,0.2777273149989421,0.7439,-0.6266604180683666,0.08740306867704976,
1e-05,82,p6,E2,40607.024549854454,40000.0,0.015175613746361342,0.08740306867704976,
1e-05,82,p7,"K_ads,3",17441.01500378486,17197.0,0.014189393718954562,0.08740306867704976,
1e-05,82,p8,"K_ads,4",124138.02034865011,124119.0,0.00015324284477084317,0.08740306867704976,
1e-05,82,p9,Inhibition / adsorption,97922.31358885649,98084.0,-0.0016484483824427368,0.08740306867704976,
1e-05,86,p1,A1,1721.6985182286896,15672.02,-0.8901418886506851,0.06531079033464234,
1e-05,86,p2,E1,1648.2573693263146,3453.38,-0.5227118448226623,0.06531079033464234,
1e-05,86,p3,"K_ads,1",14.669222389568157,30.836,-0.5242825791422961,0.06531079033464234,
1e-05,86,p4,"K_ads,2",267.8538264197597,558.532,-0.5204324435846833,0.06531079033464234,
1e-05,86,p5,A2,0.3567466034844655,0.7439,-0.520437419700947,0.06531079033464234,
1e-05,86,p6,E2,39108.75102943642,40000.0,-0.02228122426408954,0.06531079033464234,
1e-05,86,p7,"K_ads,3",16770.58603034138,17197.0,-0.02479583471876611,0.06531079033464234,
1e-05,86,p8,"K_ads,4",123883.12847935686,124119.0,-0.0019003659443206685,0.06531079033464234,
1e-05,86,p9,Inhibition / adsorption,98235.19456233355,98084.0,0.0015414803875611585,0.06531079033464234,
1e-05,90,p1,A1,8042.090195408243,15672.02,-0.4868504382071844,0.02277950350262917,
1e-05,90,p2,E1,2744.5165176435094,3453.38,-0.2052665743001033,0.02277950350262917,
1e-05,90,p3,"K_ads,1",24.93709314812942,30.836,-0.19129935308958937,0.02277950350262917,
1e-05,90,p4,"K_ads,2",442.9247262937883,558.532,-0.20698415436575118,0.02277950350262917,
1e-05,90,p5,A2,0.597961607099279,0.7439,-0.19618012219481243,0.02277950350262917,
1e-05,90,p6,E2,41861.26676172316,40000.0,0.046531669043078906,0.02277950350262917,
1e-05,90,p7,"K_ads,3",18631.516393630103,17197.0,0.08341666532709793,0.02277950350262917,
1e-05,90,p8,"K_ads,4",124589.85483767062,124119.0,0.0037935758237708705,0.02277950350262917,
1e-05,90,p9,Inhibition / adsorption,97147.01825392469,98084.0,-0.009552850068057084,0.02277950350262917,
1e-05,94,p1,A1,467.21584134491195,15672.02,-0.9701878991128832,0.12328967158865073,
1e-05,94,p2,E1,956.4999024915361,3453.38,-0.7230250066625926,0.12328967158865073,
1e-05,94,p3,"K_ads,1",9.550356097479659,30.836,-0.6902855072811112,0.12328967158865073,
1e-05,94,p4,"K_ads,2",175.25155857181414,558.532,-0.6862282580553771,0.12328967158865073,
1e-05,94,p5,A2,0.23017541480600076,0.7439,-0.6905828541389961,0.12328967158865073,
1e-05,94,p6,E2,58563.23417493834,40000.0,0.46408085437345853,0.12328967158865073,
1e-05,94,p7,"K_ads,3",24651.976518459673,17197.0,0.4335044785985737,0.12328967158865073,
1e-05,94,p8,"K_ads,4",129105.0531759397,124119.0,0.040171554523801334,0.12328967158865073,
1e-05,94,p9,Inhibition / adsorption,92015.16792435847,98084.0,-0.06187382320910173,0.12328967158865073,
1e-05,98,p1,A1,289.48078320172294,15672.02,-0.9815288148431585,0.119725199883549,
1e-05,98,p2,E1,866.7650128384973,3453.38,-0.7490096621748844,0.119725199883549,
1e-05,98,p3,"K_ads,1",8.013827157919218,30.836,-0.7401145687534305,0.119725199883549,
1e-05,98,p4,"K_ads,2",149.39944020404317,558.532,-0.7325140901433702,0.119725199883549,
1e-05,98,p5,A2,0.19682715490254205,0.7439,-0.7354118095139911,0.119725199883549,
1e-05,98,p6,E2,45031.41751462319,40000.0,0.12578543786557966,0.119725199883549,
1e-05,98,p7,"K_ads,3",18930.64585020649,17197.0,0.1008109466887532,0.119725199883549,
1e-05,98,p8,"K_ads,4",125286.50140289318,124119.0,0.009406306873993317,0.119725199883549,
1e-05,98,p9,Inhibition / adsorption,96271.84599082942,98084.0,-0.018475531270855418,0.119725199883549,
1e-05,102,p1,A1,835.0453787697902,15672.02,-0.9467174379071881,0.10483085013771161,
1e-05,102,p2,E1,1189.8689872822263,3453.38,-0.655447999559207,0.10483085013771161,
1e-05,102,p3,"K_ads,1",11.623850547080407,30.836,-0.6230428542262159,0.10483085013771161,
1e-05,102,p4,"K_ads,2",211.49392660387437,558.532,-0.6213396428425331,0.10483085013771161,
1e-05,102,p5,A2,0.2787791344396046,0.7439,-0.6252464922172273,0.10483085013771161,
1e-05,102,p6,E2,56106.87092367992,40000.0,0.402671773091998,0.10483085013771161,
1e-05,102,p7,"K_ads,3",23730.07375404479,17197.0,0.3798961303741811,0.10483085013771161,
1e-05,102,p8,"K_ads,4",128708.47982847261,124119.0,0.03697644863777998,0.10483085013771161,
1e-05,102,p9,Inhibition / adsorption,92980.85431704165,98084.0,-0.05202831942985959,0.10483085013771161,
1e-05,106,p1,A1,0.1775994135954867,15672.02,-0.9999886677394748,0.5784594559058539,
1e-05,106,p2,E1,0.33818453234563994,3453.38,-0.9999020714394751,0.5784594559058539,
1e-05,106,p3,"K_ads,1",4.916665707152844,30.836,-0.8405543615529626,0.5784594559058539,
1e-05,106,p4,"K_ads,2",0.4112253134210925,558.532,-0.9992637390276276,0.5784594559058539,
1e-05,106,p5,A2,0.603349048014439,0.7439,-0.18893796476080252,0.5784594559058539,
1e-05,106,p6,E2,13266.45166280996,40000.0,-0.6683387084297511,0.5784594559058539,
1e-05,106,p7,"K_ads,3",13490.84248628027,17197.0,-0.21551186333196085,0.5784594559058539,
1e-05,106,p8,"K_ads,4",13312.539721908393,124119.0,-0.8927437401049928,0.5784594559058539,
1e-05,106,p9,Inhibition / adsorption,13288.0016711518,98084.0,-0.8645242682685066,0.5784594559058539,
1e-05,110,p1,A1,1184.381292874569,15672.02,-0.9244270175207429,0.0821320862569712,
1e-05,110,p2,E1,1391.9265553513285,3453.38,-0.596937911451584,0.0821320862569712,
1e-05,110,p3,"K_ads,1",12.966208658767563,30.836,-0.5795106804135568,0.0821320862569712,
1e-05,110,p4,"K_ads,2",238.88514149566,558.532,-0.5722982004689794,0.0821320862569712,
1e-05,110,p5,A2,0.31754771411639415,0.7439,-0.5731311814539667,0.0821320862569712,
1e-05,110,p6,E2,47548.31828266235,40000.0,0.18870795706655882,0.0821320862569712,
1e-05,110,p7,"K_ads,3",20307.087560162854,17197.0,0.1808505879027071,0.0821320862569712,
1e-05,110,p8,"K_ads,4",125544.1849674925,124119.0,0.011482407749760337,0.0821320862569712,
1e-05,110,p9,Inhibition / adsorption,94714.83945506357,98084.0,-0.03434974659410739,0.0821320862569712,
1e-05,114,p1,A1,2049.9142743897737,15672.02,-0.8691991029624915,0.06334528004869965,
1e-05,114,p2,E1,1694.2971988890265,3453.38,-0.5093800280047297,0.06334528004869965,
1e-05,114,p3,"K_ads,1",15.636778821036048,30.836,-0.4929050842834334,0.06334528004869965,
1e-05,114,p4,"K_ads,2",284.0501706872161,558.532,-0.49143438390778665,0.06334528004869965,
1e-05,114,p5,A2,0.37746289839122094,0.7439,-0.4925891942583399,0.06334528004869965,
1e-05,114,p6,E2,44933.72679342174,40000.0,0.12334316983554344,0.06334528004869965,
1e-05,114,p7,"K_ads,3",19085.755037184008,17197.0,0.10983049585299808,0.06334528004869965,
1e-05,114,p8,"K_ads,4",125676.39838985157,124119.0,0.01254762276405363,0.06334528004869965,
1e-05,114,p9,Inhibition / adsorption,96384.93009998564,98084.0,-0.017322600016459005,0.06334528004869965,
1e-05,118,p1,A1,866.4570387333223,15672.02,-0.944713123213643,0.08876803870435919,
1e-05,118,p2,E1,1249.0581420838596,3453.38,-0.6383085145324697,0.08876803870435919,
1e-05,118,p3,"K_ads,1",11.660654420381942,30.836,-0.6218493183168393,0.08876803870435919,
1e-05,118,p4,"K_ads,2",214.86843555117926,558.532,-0.6152978960002664,0.08876803870435919,
1e-05,118,p5,A2,0.28329164760530146,0.7439,-0.619180471023926,0.08876803870435919,
1e-05,118,p6,E2,45933.38658664471,40000.0,0.14833466466611772,0.08876803870435919,
1e-05,118,p7,"K_ads,3",19349.848696948462,17197.0,0.12518745693716707,0.08876803870435919,
1e-05,118,p8,"K_ads,4",125539.9514012793,124119.0,0.011448298820319962,0.08876803870435919,
1e-05,118,p9,Inhibition / adsorption,96111.80468582611,98084.0,-0.020107207232309982,0.08876803870435919,
1e-05,122,p1,A1,983.7491094784939,15672.02,-0.9372289526507436,0.0859777136572019,
1e-05,122,p2,E1,1295.4299210164243,3453.38,-0.6248805746785977,0.0859777136572019,
1e-05,122,p3,"K_ads,1",12.20075914269096,30.836,-0.6043339232490933,0.0859777136572019,
1e-05,122,p4,"K_ads,2",223.59081166652416,558.532,-0.5996812865394926,0.0859777136572019,
1e-05,122,p5,A2,0.2954900641998334,0.7439,-0.6027825457725051,0.0859777136572019,
1e-05,122,p6,E2,46734.91720295113,40000.0,0.1683729300737783,0.0859777136572019,
1e-05,122,p7,"K_ads,3",19608.98172894979,17197.0,0.14025595911785727,0.0859777136572019,
1e-05,122,p8,"K_ads,4",126077.46182376995,124119.0,0.015778904307720387,0.0859777136572019,
1e-05,122,p9,Inhibition / adsorption,95722.11481153435,98084.0,-0.024080229073708728,0.0859777136572019,
1e-05,126,p1,A1,820.0711591704639,15672.02,-0.9476729126704494,0.1312899070077966,
1e-05,126,p2,E1,1156.2666109726363,3453.38,-0.6651782859191181,0.1312899070077966,
1e-05,126,p3,"K_ads,1",11.737880361348488,30.836,-0.619344909801904,0.1312899070077966,
1e-05,126,p4,"K_ads,2",210.8488772188979,558.532,-0.6224945442357862,0.1312899070077966,
1e-05,126,p5,A2,0.2919390541810975,0.7439,-0.6075560503009847,0.1312899070077966,
1e-05,126,p6,E2,67381.98676254455,40000.0,0.6845496690636137,0.1312899070077966,
1e-05,126,p7,"K_ads,3",30647.835886651035,17197.0,0.7821617658109574,0.1312899070077966,
1e-05,126,p8,"K_ads,4",129370.41429646382,124119.0,0.04230951181095413,0.1312899070077966,
1e-05,126,p9,Inhibition / adsorption,84134.526692482,98084.0,-0.14221966179517553,0.1312899070077966,
1e-05,130,p1,A1,1319.8490153456685,15672.02,-0.9157830952649584,0.087048015819652,
1e-05,130,p2,E1,1382.5512814253584,3453.38,-0.5996527224269098,0.087048015819652,
1e-05,130,p3,"K_ads,1",13.60670880017675,30.836,-0.5587394992808162,0.087048015819652,
1e-05,130,p4,"K_ads,2",247.71438378301215,558.532,-0.55649025698973,0.087048015819652,
1e-05,130,p5,A2,0.33358088005990555,0.7439,-0.5515783303402264,0.087048015819652,
1e-05,130,p6,E2,51776.532678845026,40000.0,0.29441331697112566,0.087048015819652,
1e-05,130,p7,"K_ads,3",22497.192678367563,17197.0,0.30820449371213365,0.087048015819652,
1e-05,130,p8,"K_ads,4",125695.0680602085,124119.0,0.012698040269487386,0.087048015819652,
1e-05,130,p9,Inhibition / adsorption,92250.00618297308,98084.0,-0.059479566667620776,0.087048015819652,
1e-05,134,p1,A1,1334.1210251877478,15672.02,-0.914872427090589,0.07439720390508157,
1e-05,134,p2,E1,1471.5816637631149,3453.38,-0.5738720720676223,0.07439720390508157,
1e-05,134,p3,"K_ads,1",13.471080828593431,30.836,-0.5631378639060375,0.07439720390508157,
1e-05,134,p4,"K_ads,2",247.19170358309225,558.532,-0.5574260676503903,0.07439720390508157,
1e-05,134,p5,A2,0.3268849950502742,0.7439,-0.5605793856025351,0.07439720390508157,
1e-05,134,p6,E2,43840.190780220095,40000.0,0.09600476950550237,0.07439720390508157,
1e-05,134,p7,"K_ads,3",18501.071731438362,17197.0,0.07583135031914648,0.07439720390508157,
1e-05,134,p8,"K_ads,4",125237.20743035563,124119.0,0.009009155974150848,0.07439720390508157,
1e-05,134,p9,Inhibition / adsorption,96795.83360219855,98084.0,-0.013133297967063485,0.07439720390508157,
1e-05,138,p1,A1,1356.2848400356456,15672.02,-0.9134581987493862,0.09674354231064475,
1e-05,138,p2,E1,1404.6266905925395,3453.38,-0.5932603158087035,0.09674354231064475,
1e-05,138,p3,"K_ads,1",13.662125147580364,30.836,-0.5569423677655869,0.09674354231064475,
1e-05,138,p4,"K_ads,2",249.86085907486955,558.532,-0.552647191074335,0.09674354231064475,
1e-05,138,p5,A2,0.3310171479695334,0.7439,-0.5550246700234798,0.09674354231064475,
1e-05,138,p6,E2,57774.1204913901,40000.0,0.44435301228475255,0.09674354231064475,
1e-05,138,p7,"K_ads,3",24533.790283036673,17197.0,0.4266319871510538,0.09674354231064475,
1e-05,138,p8,"K_ads,4",128915.13276860381,124119.0,0.03864140678384303,0.09674354231064475,
1e-05,138,p9,Inhibition / adsorption,91725.14795708776,98084.0,-0.06483067618482366,0.09674354231064475,
1e-05,142,p1,A1,4226.811275917172,15672.02,-0.7302956941149149,0.05249574275235045,
1e-05,142,p2,E1,2151.5380224218547,3453.38,-0.376976173365846,0.05249574275235045,
1e-05,142,p3,"K_ads,1",19.803968906611125,30.836,-0.3577646612202904,0.05249574275235045,
1e-05,142,p4,"K_ads,2",367.0804517014036,558.532,-0.34277632848000905,0.05249574275235045,
1e-05,142,p5,A2,0.4848327658203923,0.7439,-0.34825545661998614,0.05249574275235045,
1e-05,142,p6,E2,49215.55623186139,40000.0,0.2303889057965347,0.05249574275235045,
1e-05,142,p7,"K_ads,3",20849.38515433488,17197.0,0.21238501798772338,0.05249574275235045,
1e-05,142,p8,"K_ads,4",126442.2494469059,124119.0,0.018717919471683643,0.05249574275235045,
1e-05,142,p9,Inhibition / adsorption,94057.64198428176,98084.0,-0.04105010007461201,0.05249574275235045,
1e-05,146,p1,A1,354.83228335267705,15672.02,-0.9773588673730205,0.12019106766324887,
1e-05,146,p2,E1,909.4457622717728,3453.38,-0.736650538813634,0.12019106766324887,
1e-05,146,p3,"K_ads,1",8.601369597860886,30.836,-0.7210607861635462,0.12019106766324887,
1e-05,146,p4,"K_ads,2",160.60903638714257,558.532,-0.7124443426927328,0.12019106766324887,
1e-05,146,p5,A2,0.2076255109995872,0.7439,-0.7208959389708466,0.12019106766324887,
1e-05,146,p6,E2,51386.41449903585,40000.0,0.28466036247589616,0.12019106766324887,
1e-05,146,p7,"K_ads,3",21728.891634753378,17197.0,0.2635280359803092,0.12019106766324887,
1e-05,146,p8,"K_ads,4",126679.8350369603,124119.0,0.020632095303380622,0.12019106766324887,
1e-05,146,p9,Inhibition / adsorption,95220.12158864901,98084.0,-0.029198222047948596,0.12019106766324887,
1e-05,150,p1,A1,71257.45923748825,15672.02,3.54679481250587,0.048438516460548094,
1e-05,150,p2,E1,5630.985353448154,3453.38,0.6305721795597801,0.048438516460548094,
1e-05,150,p3,"K_ads,1",51.712194603245884,30.836,0.6770072189403906,0.048438516460548094,
1e-05,150,p4,"K_ads,2",917.1397030139508,558.532,0.642053996931153,0.048438516460548094,
1e-05,150,p5,A2,1.2294156705335486,0.7439,0.6526625494468996,0.048438516460548094,
1e-05,150,p6,E2,44507.2832828907,40000.0,0.11268208207226744,0.048438516460548094,
1e-05,150,p7,"K_ads,3",19214.014623823503,17197.0,0.1172887494227774,0.048438516460548094,
1e-05,150,p8,"K_ads,4",125907.09873295038,124119.0,0.014406325646761448,0.048438516460548094,
1e-05,150,p9,Inhibition / adsorption,96740.68722771892,98084.0,-0.013695534157263926,0.048438516460548094,
1e-06,10,p1,A1,1231.8468907747674,15672.02,-0.92139833341364,0.08774297429411616,
1e-06,10,p2,E1,1374.4474431881015,3453.38,-0.6019993620197889,0.08774297429411616,
1e-06,10,p3,"K_ads,1",13.156091493968194,30.836,-0.5733528507598847,0.08774297429411616,
1e-06,10,p4,"K_ads,2",241.76492346330366,558.532,-0.5671422166262566,0.08774297429411616,
1e-06,10,p5,A2,0.3185997332400248,0.7439,-0.5717169871756623,0.08774297429411616,
1e-06,10,p6,E2,52342.89000726966,40000.0,0.30857225018174156,0.08774297429411616,
1e-06,10,p7,"K_ads,3",21750.998631137634,17197.0,0.26481355068544715,0.08774297429411616,
1e-06,10,p8,"K_ads,4",127656.6325464008,124119.0,0.02850194205883706,0.08774297429411616,
1e-06,10,p9,Inhibition / adsorption,93917.45812686933,98084.0,-0.04247932255139137,0.08774297429411616,
1e-06,14,p1,A1,1820.844270101573,15672.02,-0.8838155981104175,0.0800721386325147,
1e-06,14,p2,E1,1586.4063705189521,3453.38,-0.5406221236820298,0.0800721386325147,
1e-06,14,p3,"K_ads,1",14.990796992087407,30.836,-0.5138540345022893,0.0800721386325147,
1e-06,14,p4,"K_ads,2",275.2814552323195,558.532,-0.5071339596794463,0.0800721386325147,
1e-06,14,p5,A2,0.36260325544817723,0.7439,-0.5125645174779174,0.0800721386325147,
1e-06,14,p6,E2,53350.494788549855,40000.0,0.3337623697137464,0.0800721386325147,
1e-06,14,p7,"K_ads,3",22261.069770047292,17197.0,0.2944740227974235,0.0800721386325147,
1e-06,14,p8,"K_ads,4",127951.47923240489,124119.0,0.030877458184523646,0.0800721386325147,
1e-06,14,p9,Inhibition / adsorption,93676.40842223227,98084.0,-0.044936906914152454,0.0800721386325147,
1e-06,18,p1,A1,512.7603298754578,15672.02,-0.9672817971215288,0.10821586984050398,
1e-06,18,p2,E1,1017.2091928604474,3453.38,-0.7054453338872504,0.10821586984050398,
1e-06,18,p3,"K_ads,1",9.76278186009004,30.836,-0.6833966188840952,0.10821586984050398,
1e-06,18,p4,"K_ads,2",181.33454953484124,558.532,-0.675337224125312,0.10821586984050398,
1e-06,18,p5,A2,0.23769150477254836,0.7439,-0.6804792246638683,0.10821586984050398,
1e-06,18,p6,E2,50209.242316969474,40000.0,0.25523105792423684,0.10821586984050398,
1e-06,18,p7,"K_ads,3",20906.43700023635,17197.0,0.21570256441451127,0.10821586984050398,
1e-06,18,p8,"K_ads,4",126661.44313650657,124119.0,0.020483915730118422,0.10821586984050398,
1e-06,18,p9,Inhibition / adsorption,94722.78132012051,98084.0,-0.034268776557639234,0.10821586984050398,
1e-06,22,p1,A1,1440.261842110313,15672.02,-0.9080997955521808,0.07100937698891825,
1e-06,22,p2,E1,1509.4203950137894,3453.38,-0.5629150585762964,0.07100937698891825,
1e-06,22,p3,"K_ads,1",13.79770396661038,30.836,-0.5525455971393702,0.07100937698891825,
1e-06,22,p4,"K_ads,2",253.99418035086165,558.532,-0.545246860787096,0.07100937698891825,
1e-06,22,p5,A2,0.33553152311106077,0.7439,-0.5489561458380686,0.07100937698891825,
1e-06,22,p6,E2,41929.13171935774,40000.0,0.04822829298394354,0.07100937698891825,
1e-06,22,p7,"K_ads,3",17640.77305477147,17197.0,0.025805259915768503,0.07100937698891825,
1e-06,22,p8,"K_ads,4",124522.93672545397,124119.0,0.0032544310335562514,0.07100937698891825,
1e-06,22,p9,Inhibition / adsorption,97496.27244448948,98084.0,-0.005992083882289825,0.07100937698891825,
1e-06,26,p1,A1,1401.2659107689178,15672.02,-0.9105880473117749,0.0964848698973906,
1e-06,26,p2,E1,1377.9564936789145,3453.38,-0.6009832414391365,0.0964848698973906,
1e-06,26,p3,"K_ads,1",13.741215457950048,30.836,-0.5543774984449977,0.0964848698973906,
1e-06,26,p4,"K_ads,2",255.98502131103837,558.532,-0.5416824437793387,0.0964848698973906,
1e-06,26,p5,A2,0.3320777924939623,0.7439,-0.5535988809060864,0.0964848698973906,
1e-06,26,p6,E2,58658.10991560531,40000.0,0.46645274789013275,0.0964848698973906,
1e-06,26,p7,"K_ads,3",24284.14002402233,17197.0,0.41211490515917487,0.0964848698973906,
1e-06,26,p8,"K_ads,4",128407.69119512018,124119.0,0.03455305952449002,0.0964848698973906,
1e-06,26,p9,Inhibition / adsorption,92494.17291155992,98084.0,-0.05699020317727748,0.0964848698973906,
1e-06,30,p1,A1,1558.6457004137185,15672.02,-0.900545960226332,0.06828587745331262,
1e-06,30,p2,E1,1571.4496820257903,3453.38,-0.5449531525561073,0.06828587745331262,
1e-06,30,p3,"K_ads,1",14.124686797326378,30.836,-0.5419416656723837,0.06828587745331262,
1e-06,30,p4,"K_ads,2",261.076960530865,558.532,-0.5325657965329381,0.06828587745331262,
1e-06,30,p5,A2,0.3439406174167273,0.7439,-0.5376520803646628,0.06828587745331262,
1e-06,30,p6,E2,40641.4834384768,40000.0,0.01603708596191991,0.06828587745331262,
1e-06,30,p7,"K_ads,3",17113.463576269864,17197.0,-0.00485761608013819,0.06828587745331262,
1e-06,30,p8,"K_ads,4",124118.82525949775,124119.0,-1.4078465202507655e-06,0.06828587745331262,
1e-06,30,p9,Inhibition / adsorption,98027.68579337874,98084.0,-0.0005741426391792788,0.06828587745331262,
1e-06,34,p1,A1,3422.5142523361446,15672.02,-0.7816162656545778,0.05720158265216344,
1e-06,34,p2,E1,1970.302851815547,3453.38,-0.42945669117920793,0.05720158265216344,
1e-06,34,p3,"K_ads,1",18.716888825991877,30.836,-0.3930182635234182,0.05720158265216344,
1e-06,34,p4,"K_ads,2",336.6268011493672,558.532,-0.3973007792760895,0.05720158265216344,
1e-06,34,p5,A2,0.45319769815506056,0.7439,-0.3907814247142619,0.05720158265216344,
1e-06,34,p6,E2,48362.83138949144,40000.0,0.20907078473728596,0.05720158265216344,
1e-06,34,p7,"K_ads,3",21137.278964762085,17197.0,0.22912595015189188,0.05720158265216344,
1e-06,34,p8,"K_ads,4",125910.4054816731,124119.0,0.014432967407674031,0.05720158265216344,
1e-06,34,p9,Inhibition / adsorption,93882.54624725963,98084.0,-0.042835261130667324,0.05720158265216344,
1e-06,38,p1,A1,975.6999691215801,15672.02,-0.9377425520691283,0.10001260338523411,
1e-06,38,p2,E1,1231.205366950478,3453.38,-0.64347816720127,0.10001260338523411,
1e-06,38,p3,"K_ads,1",12.257331013177222,30.836,-0.6024993185504858,0.10001260338523411,
1e-06,38,p4,"K_ads,2",223.4478463412685,558.532,-0.599937252760328,0.10001260338523411,
1e-06,38,p5,A2,0.29383616788595857,0.7439,-0.6050058235166574,0.10001260338523411,
1e-06,38,p6,E2,55688.56107748945,40000.0,0.3922140269372363,0.10001260338523411,
1e-06,38,p7,"K_ads,3",23358.518733315854,17197.0,0.35829032583100856,0.10001260338523411,
1e-06,38,p8,"K_ads,4",128228.96843136601,124119.0,0.033113128782587764,0.10001260338523411,
1e-06,38,p9,Inhibition / adsorption,93103.32451299678,98084.0,-0.05077969380330346,0.10001260338523411,
1e-06,42,p1,A1,2073.5109870335596,15672.02,-0.8676934443017837,0.060004886262125745,
1e-06,42,p2,E1,1735.1591728875383,3453.38,-0.49754756994957455,0.060004886262125745,
1e-06,42,p3,"K_ads,1",15.571503471837323,30.836,-0.49502193955644946,0.060004886262125745,
1e-06,42,p4,"K_ads,2",286.48781813500693,558.532,-0.48707000111899246,0.060004886262125745,
1e-06,42,p5,A2,0.37853745192933574,0.7439,-0.4911447077169838,0.060004886262125745,
1e-06,42,p6,E2,41388.62966226439,40000.0,0.03471574155660983,0.060004886262125745,
1e-06,42,p7,"K_ads,3",17575.465550917095,17197.0,0.022007649643373567,0.060004886262125745,
1e-06,42,p8,"K_ads,4",124305.64565113615,124119.0,0.0015037637358997949,0.060004886262125745,
1e-06,42,p9,Inhibition / adsorption,97741.51838846855,98084.0,-0.0034917174211027903,0.060004886262125745,
1e-06,46,p1,A1,351.0533905853874,15672.02,-0.9775999909019139,0.11554478490498798,
1e-06,46,p2,E1,917.5394849824769,3453.38,-0.7343068283877022,0.11554478490498798,
1e-06,46,p3,"K_ads,1",8.5358604621425,30.836,-0.7231852230463581,0.11554478490498798,
1e-06,46,p4,"K_ads,2",160.13396731668846,558.532,-0.7132949100200375,0.11554478490498798,
1e-06,46,p5,A2,0.20920950031210958,0.7439,-0.7187666348808851,0.11554478490498798,
1e-06,46,p6,E2,46932.32940424634,40000.0,0.17330823510615848,0.11554478490498798,
1e-06,46,p7,"K_ads,3",19677.463056110195,17197.0,0.14423812619120746,0.11554478490498798,
1e-06,46,p8,"K_ads,4",125580.35966501909,124119.0,0.011773859481780296,0.11554478490498798,
1e-06,46,p9,Inhibition / adsorption,95878.698489738,98084.0,-0.022483804802638528,0.11554478490498798,
1e-06,50,p1,A1,1217.681104705715,15672.02,-0.922302223663209,0.07817212671629233,
1e-06,50,p2,E1,1422.1357329302386,3453.38,-0.5881901983186795,0.07817212671629233,
1e-06,50,p3,"K_ads,1",13.04582277960185,30.836,-0.5769288241146112,0.07817212671629233,
1e-06,50,p4,"K_ads,2",240.4664498786438,558.532,-0.5694670137455978,0.07817212671629233,
1e-06,50,p5,A2,0.3172230747703325,0.7439,-0.5735675833172033,0.07817212671629233,
1e-06,50,p6,E2,45023.2525105995,40000.0,0.12558131276498752,0.07817212671629233,
1e-06,50,p7,"K_ads,3",19096.926650182904,17197.0,0.11048012154346132,0.07817212671629233,
1e-06,50,p8,"K_ads,4",125244.51978441075,124119.0,0.009068070032877691,0.07817212671629233,
1e-06,50,p9,Inhibition / adsorption,96432.4750906407,98084.0,-0.016837862539856665,0.07817212671629233,
1e-06,54,p1,A1,1382.5261295162582,15672.02,-0.9117837949724249,0.0727596377936862,
1e-06,54,p2,E1,1496.5431010070704,3453.38,-0.5666439543267552,0.0727596377936862,
1e-06,54,p3,"K_ads,1",13.59541560818499,30.836,-0.5591057332927426,0.0727596377936862,
1e-06,54,p4,"K_ads,2",250.83131070002597,558.532,-0.5509096870008774,0.0727596377936862,
1e-06,54,p5,A2,0.3302779694345497,0.7439,-0.5560183231152713,0.0727596377936862,
1e-06,54,p6,E2,42974.447407607455,40000.0,0.07436118519018638,0.0727596377936862,
1e-06,54,p7,"K_ads,3",18208.19548269375,17197.0,0.0588006909748067,0.0727596377936862,
1e-06,54,p8,"K_ads,4",124698.23422578412,124119.0,0.0046667651671712055,0.0727596377936862,
1e-06,54,p9,Inhibition / adsorption,97249.49842638688,98084.0,-0.00850802958294031,0.0727596377936862,
1e-06,58,p1,A1,5315.099559606566,15672.02,-0.660854212819626,0.03300288245900061,
1e-06,58,p2,E1,2378.0753012290356,3453.38,-0.31137746172473474,0.03300288245900061,
1e-06,58,p3,"K_ads,1",21.44585771001546,30.836,-0.3045188185881612,0.03300288245900061,
1e-06,58,p4,"K_ads,2",390.7069526641496,558.532,-0.300475258957142,0.03300288245900061,
1e-06,58,p5,A2,0.5181074115298334,0.7439,-0.3035254583548415,0.03300288245900061,
1e-06,58,p6,E2,41993.5906381356,40000.0,0.04983976595339009,0.03300288245900061,
1e-06,58,p7,"K_ads,3",17952.30219813632,17197.0,0.04392057906241321,0.03300288245900061,
1e-06,58,p8,"K_ads,4",124597.96819703047,124119.0,0.003858943409393134,0.03300288245900061,
1e-06,58,p9,Inhibition / adsorption,97514.06668640675,98084.0,-0.0058106654866568845,0.03300288245900061,
1e-06,62,p1,A1,254.98248553710977,15672.02,-0.9837300816654707,0.12224985943425322,
1e-06,62,p2,E1,834.5288717052401,3453.38,-0.7583443259342326,0.12224985943425322,
1e-06,62,p3,"K_ads,1",7.626375444206786,30.836,-0.7526794835839024,0.12224985943425322,
1e-06,62,p4,"K_ads,2",144.08056641557263,558.532,-0.7420370427915094,0.12224985943425322,
1e-06,62,p5,A2,0.18829204767597446,0.7439,-0.7468852699610506,0.12224985943425322,
1e-06,62,p6,E2,42597.14461359388,40000.0,0.06492861533984706,0.12224985943425322,
1e-06,62,p7,"K_ads,3",17753.535450248444,17197.0,0.032362356820866675,0.12224985943425322,
1e-06,62,p8,"K_ads,4",124332.81039451099,124119.0,0.0017226242115307938,0.12224985943425322,
1e-06,62,p9,Inhibition / adsorption,97252.60850392144,98084.0,-0.008476321276442256,0.12224985943425322,
1e-06,66,p1,A1,827.3630943251127,15672.02,-0.9472076289894276,0.13468930130149495,
1e-06,66,p2,E1,1270.4907985074024,3453.38,-0.632102230710955,0.13468930130149495,
1e-06,66,p3,"K_ads,1",11.746702690044849,30.836,-0.6190588049667645,0.13468930130149495,
1e-06,66,p4,"K_ads,2",206.16124684968662,558.532,-0.6308873137981591,0.13468930130149495,
1e-06,66,p5,A2,0.2836578585242377,0.7439,-0.618688185879503,0.13468930130149495,
1e-06,66,p6,E2,67005.95494160557,40000.0,0.6751488735401392,0.13468930130149495,
1e-06,66,p7,"K_ads,3",32880.3913491483,17197.0,0.9119841454409666,0.13468930130149495,
1e-06,66,p8,"K_ads,4",125545.25995270572,124119.0,0.011491068673657678,0.13468930130149495,
1e-06,66,p9,Inhibition / adsorption,87298.01109836926,98084.0,-0.10996685393775481,0.13468930130149495,
1e-06,70,p1,A1,907.1572428984706,15672.02,-0.9421161252411322,0.08442464853043712,
1e-06,70,p2,E1,1301.2692916081755,3453.38,-0.623189660098751,0.08442464853043712,
1e-06,70,p3,"K_ads,1",11.773803709507472,30.836,-0.6181799289950878,0.08442464853043712,
1e-06,70,p4,"K_ads,2",218.2143368052948,558.532,-0.6093073685924982,0.08442464853043712,
1e-06,70,p5,A2,0.2874920379079023,0.7439,-0.6135340262025779,0.08442464853043712,
1e-06,70,p6,E2,41428.456305244064,40000.0,0.03571140763110161,0.08442464853043712,
1e-06,70,p7,"K_ads,3",17475.51345528673,17197.0,0.01619546754007857,0.08442464853043712,
1e-06,70,p8,"K_ads,4",124250.11233318453,124119.0,0.0010563437764123957,0.08442464853043712,
1e-06,70,p9,Inhibition / adsorption,97661.32716587941,98084.0,-0.004309294422337883,0.08442464853043712,
1e-06,74,p1,A1,1781.77496733375,15672.02,-0.8863085315528088,0.06460452650834987,
1e-06,74,p2,E1,1640.4528374229776,3453.38,-0.5249718138684484,0.06460452650834987,
1e-06,74,p3,"K_ads,1",14.813730176567892,30.836,-0.5195962454090058,0.06460452650834987,
1e-06,74,p4,"K_ads,2",272.38650027974256,558.532,-0.5123171093514024,0.06460452650834987,
1e-06,74,p5,A2,0.3598317502320585,0.7439,-0.5162901596557891,0.06460452650834987,
1e-06,74,p6,E2,41649.504209287574,40000.0,0.04123760523218934,0.06460452650834987,
1e-06,74,p7,"K_ads,3",17687.67441194916,17197.0,0.028532558699142847,0.06460452650834987,
1e-06,74,p8,"K_ads,4",124400.2194365526,124119.0,0.002265724317409855,0.06460452650834987,
1e-06,74,p9,Inhibition / adsorption,97636.62736878128,98084.0,-0.004561117320039159,0.06460452650834987,
1e-06,78,p1,A1,967.7377850748646,15672.02,-0.938250602980671,0.08606234770654231,
1e-06,78,p2,E1,1306.29482441484,3453.38,-0.6217344096465376,0.08606234770654231,
1e-06,78,p3,"K_ads,1",12.086420179508771,30.836,-0.608041893257596,0.08606234770654231,
1e-06,78,p4,"K_ads,2",222.8705312248538,558.532,-0.6009708821968055,0.08606234770654231,
1e-06,78,p5,A2,0.29361464783402935,0.7439,-0.6053036055464049,0.08606234770654231,
1e-06,78,p6,E2,46275.98749277407,40000.0,0.1568996873193517,0.08606234770654231,
1e-06,78,p7,"K_ads,3",19629.191880167076,17197.0,0.14143117288870596,0.08606234770654231,
1e-06,78,p8,"K_ads,4",125557.2849668442,124119.0,0.011587951617755596,0.08606234770654231,
1e-06,78,p9,Inhibition / adsorption,96103.1674480492,98084.0,-0.02019526683200937,0.08606234770654231,
1e-06,82,p1,A1,831.4650217228354,15672.02,-0.9469458932720328,0.08736146742158431,
1e-06,82,p2,E1,1254.3301134834612,3453.38,-0.6367819025176896,0.08736146742158431,
1e-06,82,p3,"K_ads,1",11.38356413789387,30.836,-0.6308352530193971,0.08736146742158431,
1e-06,82,p4,"K_ads,2",212.83624146094402,558.532,-0.618936351970981,0.08736146742158431,
1e-06,82,p5,A2,0.2824736440609611,0.7439,-0.6202800859511209,0.08736146742158431,
1e-06,82,p6,E2,43047.92201593892,40000.0,0.07619805039847306,0.08736146742158431,
1e-06,82,p7,"K_ads,3",17288.87485182149,17197.0,0.005342492982583523,0.08736146742158431,
1e-06,82,p8,"K_ads,4",125570.0891396148,124119.0,0.011691112074821802,0.08736146742158431,
1e-06,82,p9,Inhibition / adsorption,96782.61024092398,98084.0,-0.013268114667795126,0.08736146742158431,
1e-06,86,p1,A1,0.15135149933542716,15672.02,-0.9999903425659656,0.5692991861557046,
1e-06,86,p2,E1,0.33968188304244773,3453.38,-0.9999016378495728,0.5692991861557046,
1e-06,86,p3,"K_ads,1",6.704465969665786,30.836,-0.7825766646236286,0.5692991861557046,
1e-06,86,p4,"K_ads,2",0.478432320698561,558.532,-0.9991434110835216,0.5692991861557046,
1e-06,86,p5,A2,0.7638078283715395,0.7439,0.02676143079921963,0.5692991861557046,
1e-06,86,p6,E2,13102.676537625948,40000.0,-0.6724330865593513,0.5692991861557046,
1e-06,86,p7,"K_ads,3",16622.449913872733,17197.0,-0.033409902083344,0.5692991861557046,
1e-06,86,p8,"K_ads,4",13334.48695807594,124119.0,-0.892566915959072,0.5692991861557046,
1e-06,86,p9,Inhibition / adsorption,15825.132539925708,98084.0,-0.8386573494155448,0.5692991861557046,
1e-06,90,p1,A1,3666.034464143246,15672.02,-0.7660777318977869,0.05077256022903264,
1e-06,90,p2,E1,2045.552601955332,3453.38,-0.4076665174538186,0.05077256022903264,
1e-06,90,p3,"K_ads,1",19.00364676454908,30.836,-0.3837188103337306,0.05077256022903264,
1e-06,90,p4,"K_ads,2",345.9067766774221,558.532,-0.3806858395267915,0.05077256022903264,
1e-06,90,p5,A2,0.45740529215781855,0.7439,-0.3851252961986577,0.05077256022903264,
1e-06,90,p6,E2,46747.25737774086,40000.0,0.16868143444352154,0.05077256022903264,
1e-06,90,p7,"K_ads,3",19950.22195650632,17197.0,0.1600989682215689,0.05077256022903264,
1e-06,90,p8,"K_ads,4",125744.56211154642,124119.0,0.013096803161050415,0.05077256022903264,
1e-06,90,p9,Inhibition / adsorption,96031.27345587974,98084.0,-0.020928250725095444,0.05077256022903264,
1e-06,94,p1,A1,2514.6804662576283,15672.02,-0.8395433092697924,0.06891382220284982,
1e-06,94,p2,E1,1737.0168357334426,3453.38,-0.4970096439623087,0.06891382220284982,
1e-06,94,p3,"K_ads,1",16.835881216365024,30.836,-0.4540186400192948,0.06891382220284982,
1e-06,94,p4,"K_ads,2",307.0334158800844,558.532,-0.45028500447586817,0.06891382220284982,
1e-06,94,p5,A2,0.4126202368866801,0.7439,-0.4453283547698883,0.06891382220284982,
1e-06,94,p6,E2,50770.81093401905,40000.0,0.26927027335047626,0.06891382220284982,
1e-06,94,p7,"K_ads,3",21858.970831526898,17197.0,0.27109209929213807,0.06891382220284982,
1e-06,94,p8,"K_ads,4",125799.1674200289,124119.0,0.01353674634849538,0.06891382220284982,
1e-06,94,p9,Inhibition / adsorption,92907.68534622206,98084.0,-0.05277430216730496,0.06891382220284982,
1e-06,98,p1,A1,0.1357666894696918,15672.02,-0.9999913370012629,0.5708941225572288,
1e-06,98,p2,E1,0.3392771514123871,3453.38,-0.999901755048268,0.5708941225572288,
1e-06,98,p3,"K_ads,1",5.365488010817291,30.836,-0.8259992213381343,0.5708941225572288,
1e-06,98,p4,"K_ads,2",0.4638133750903563,558.532,-0.9991695849564746,0.5708941225572288,
1e-06,98,p5,A2,0.6601973845517557,0.7439,-0.11251863886039025,0.5708941225572288,
1e-06,98,p6,E2,13094.65482027899,40000.0,-0.6726336294930252,0.5708941225572288,
1e-06,98,p7,"K_ads,3",16783.792060430784,17197.0,-0.024027908331058688,0.5708941225572288,
1e-06,98,p8,"K_ads,4",13329.264345394977,124119.0,-0.8926089934224819,0.5708941225572288,
1e-06,98,p9,Inhibition / adsorption,15938.773637883465,98084.0,-0.837498739469399,0.5708941225572288,
1e-06,102,p1,A1,608.0227917547162,15672.02,-0.961203291486693,0.27900196752691925,
1e-06,102,p2,E1,10.531231162212448,3453.38,-0.99695045689666,0.27900196752691925,
1e-06,102,p3,"K_ads,1",12.572285293390404,30.836,-0.5922854684981708,0.27900196752691925,
1e-06,102,p4,"K_ads,2",204.9871507378361,558.532,-0.6329894245310276,0.27900196752691925,
1e-06,102,p5,A2,0.273832803987213,0.7439,-0.6318956795440073,0.27900196752691925,
1e-06,102,p6,E2,47765.49976700007,40000.0,0.19413749417500167,0.27900196752691925,
1e-06,102,p7,"K_ads,3",63335.76256962368,17197.0,2.6829541530280676,0.27900196752691925,
1e-06,102,p8,"K_ads,4",45608.73838787024,124119.0,-0.6325402364837758,0.27900196752691925,
1e-06,102,p9,Inhibition / adsorption,81543.38227864639,98084.0,-0.16863726725412517,0.27900196752691925,
1e-06,106,p1,A1,620.8994134437511,15672.02,-0.9603816602171417,0.09749547873031063,
1e-06,106,p2,E1,1125.6025591831842,3453.38,-0.6740577176032803,0.09749547873031063,
1e-06,106,p3,"K_ads,1",10.376973644820614,30.836,-0.663478607964048,0.09749547873031063,
1e-06,106,p4,"K_ads,2",192.64392545355315,558.532,-0.6550888302665682,0.09749547873031063,
1e-06,106,p5,A2,0.25322038409214814,0.7439,-0.6596042692671755,0.09749547873031063,
1e-06,106,p6,E2,44971.51622399594,40000.0,0.12428790559989848,0.09749547873031063,
1e-06,106,p7,"K_ads,3",18966.384233430443,17197.0,0.10288912213935236,0.09749547873031063,
1e-06,106,p8,"K_ads,4",125149.26194185011,124119.0,0.00830059815056609,0.09749547873031063,
1e-06,106,p9,Inhibition / adsorption,96524.97442400565,98084.0,-0.015894800130442824,0.09749547873031063,
1e-06,110,p1,A1,820.9843917348167,15672.02,-0.9476146411416769,0.08791984889655637,
1e-06,110,p2,E1,1252.0874818965524,3453.38,-0.6374313044331779,0.08791984889655637,
1e-06,110,p3,"K_ads,1",11.392957328207855,30.836,-0.6305306353545254,0.08791984889655637,
1e-06,110,p4,"K_ads,2",211.11551864553843,558.532,-0.6220171473692852,0.08791984889655637,
1e-06,110,p5,A2,0.2781609307753586,0.7439,-0.6260775228184452,0.08791984889655637,
1e-06,110,p6,E2,42821.28082794383,40000.0,0.07053202069859581,0.08791984889655637,
1e-06,110,p7,"K_ads,3",18111.315050628065,17197.0,0.05316712511647761,0.08791984889655637,
1e-06,110,p8,"K_ads,4",124578.57178115431,124119.0,0.0037026706721317005,0.08791984889655637,
1e-06,110,p9,Inhibition / adsorption,97169.96059940281,98084.0,-0.009318944992018987,0.08791984889655637,
1e-06,114,p1,A1,818.5226136348161,15672.02,-0.9477717222390722,0.1007931223134445,
1e-06,114,p2,E1,1180.3983094671669,3453.38,-0.6581904367700147,0.1007931223134445,
1e-06,114,p3,"K_ads,1",11.44756378352517,30.836,-0.6287597683381382,0.1007931223134445,
1e-06,114,p4,"K_ads,2",213.2421174186127,558.532,-0.6182096685264001,0.1007931223134445,
1e-06,114,p5,A2,0.28069438496133226,0.7439,-0.6226718847138967,0.1007931223134445,
1e-06,114,p6,E2,53442.41901403541,40000.0,0.3360604753508853,0.1007931223134445,
1e-06,114,p7,"K_ads,3",22605.45643146502,17197.0,0.314499996014713,0.1007931223134445,
1e-06,114,p8,"K_ads,4",126678.6436796715,124119.0,0.020622496794781613,0.1007931223134445,
1e-06,114,p9,Inhibition / adsorption,92910.61289644102,98084.0,-0.052744454789353856,0.1007931223134445,
1e-06,118,p1,A1,1694.4304627889157,15672.02,-0.8918818082934481,0.10906932916229693,
1e-06,118,p2,E1,1411.4269149465201,3453.38,-0.5912911654823622,0.10906932916229693,
1e-06,118,p3,"K_ads,1",14.745010499668059,30.836,-0.5218247989470729,0.10906932916229693,
1e-06,118,p4,"K_ads,2",273.4016940115808,558.532,-0.5104994986651065,0.10906932916229693,
1e-06,118,p5,A2,0.3683068497200715,0.7439,-0.5048973656135617,0.10906932916229693,
1e-06,118,p6,E2,65377.813293539715,40000.0,0.6344453323384929,0.10906932916229693,
1e-06,118,p7,"K_ads,3",27893.75080345472,17197.0,0.6220126070509229,0.10906932916229693,
1e-06,118,p8,"K_ads,4",128408.05346689111,124119.0,0.034555978269975696,0.10906932916229693,
1e-06,118,p9,Inhibition / adsorption,86862.48433314364,98084.0,-0.11440719859361728,0.10906932916229693,
1e-06,122,p1,A1,1466.1023112894018,15672.02,-0.90645096731057,0.07128340323216177,
1e-06,122,p2,E1,1567.596378371494,3453.38,-0.5460689589991562,0.07128340323216177,
1e-06,122,p3,"K_ads,1",13.799854480889081,30.836,-0.5524758567619314,0.07128340323216177,
1e-06,122,p4,"K_ads,2",255.47347328932096,558.532,-0.542598323302298,0.07128340323216177,
1e-06,122,p5,A2,0.3377713775034421,0.7439,-0.5459451841599111,0.07128340323216177,
1e-06,122,p6,E2,37213.85279384428,40000.0,-0.06965368015389303,0.07128340323216177,
1e-06,122,p7,"K_ads,3",15767.429887376933,17197.0,-0.08312904068285555,0.07128340323216177,
1e-06,122,p8,"K_ads,4",123115.92644969423,124119.0,-0.008081547146736324,0.07128340323216177,
1e-06,122,p9,Inhibition / adsorption,98945.64618617781,98084.0,0.00878477821232625,0.07128340323216177,
1e-06,126,p1,A1,885.9154729140955,15672.02,-0.943471519758519,0.08582538397215757,
1e-06,126,p2,E1,1283.8422857025034,3453.38,-0.628236022186234,0.08582538397215757,
1e-06,126,p3,"K_ads,1",11.693408197695028,30.836,-0.6207871255125493,0.08582538397215757,
1e-06,126,p4,"K_ads,2",216.52264172995498,558.532,-0.6123361925011369,0.08582538397215757,
1e-06,126,p5,A2,0.28531415815865097,0.7439,-0.6164616774315755,0.08582538397215757,
1e-06,126,p6,E2,43064.773363025655,40000.0,0.07661933407564138,0.08582538397215757,
1e-06,126,p7,"K_ads,3",18225.29925077777,17197.0,0.05979526956898126,0.08582538397215757,
1e-06,126,p8,"K_ads,4",124652.78242482463,124119.0,0.004300569814650718,0.08582538397215757,
1e-06,126,p9,Inhibition / adsorption,97104.11954660542,98084.0,-0.00999021709345643,0.08582538397215757,
1e-06,130,p1,A1,2042.215366558337,15672.02,-0.8696903547495257,0.07328691656516838,
1e-06,130,p2,E1,1635.5243044523259,3453.38,-0.5263989759446323,0.07328691656516838,
1e-06,130,p3,"K_ads,1",15.702029424662811,30.836,-0.4907890315001034,0.07328691656516838,
1e-06,130,p4,"K_ads,2",284.6854473202874,558.532,-0.4902969797249086,0.07328691656516838,
1e-06,130,p5,A2,0.37684276791045956,0.7439,-0.4934228150148413,0.07328691656516838,
1e-06,130,p6,E2,50732.8868628096,40000.0,0.2683221715702401,0.07328691656516838,
1e-06,130,p7,"K_ads,3",21654.225910613415,17197.0,0.25918624821849245,0.07328691656516838,
1e-06,130,p8,"K_ads,4",126761.25569371454,124119.0,0.021288083965505217,0.07328691656516838,
1e-06,130,p9,Inhibition / adsorption,94674.89757596575,98084.0,-0.0347569677422847,0.07328691656516838,
1e-06,134,p1,A1,1132.7134830736175,15672.02,-0.927723836297196,0.08134914934869507,
1e-06,134,p2,E1,1377.753105135742,3453.38,-0.601042136939537,0.08134914934869507,
1e-06,134,p3,"K_ads,1",12.755295505875058,30.836,-0.5863505154405546,0.08134914934869507,
1e-06,134,p4,"K_ads,2",234.67450390921857,558.532,-0.5798369584746826,0.08134914934869507,
1e-06,134,p5,A2,0.30952615654099286,0.7439,-0.5839142942048758,0.08134914934869507,
1e-06,134,p6,E2,46011.253269267305,40000.0,0.15028133173168262,0.08134914934869507,
1e-06,134,p7,"K_ads,3",19543.98519931354,17197.0,0.13647643189588543,0.08134914934869507,
1e-06,134,p8,"K_ads,4",125495.65175390917,124119.0,0.011091386120651737,0.08134914934869507,
1e-06,134,p9,Inhibition / adsorption,96157.24851923113,98084.0,-0.01964389177408009,0.08134914934869507,
1e-06,138,p1,A1,2025.9883693836116,15672.02,-0.8707257667241612,0.10208034934981562,
1e-06,138,p2,E1,1550.1529136472225,3453.38,-0.5511200870893957,0.10208034934981562,
1e-06,138,p3,"K_ads,1",15.778942671724346,30.836,-0.48829476353209406,0.10208034934981562,
1e-06,138,p4,"K_ads,2",284.7376925014355,558.532,-0.49020343954968476,0.10208034934981562,
1e-06,138,p5,A2,0.37408347977726325,0.7439,-0.4971320341749385,0.10208034934981562,
1e-06,138,p6,E2,63960.318621716506,40000.0,0.5990079655429127,0.10208034934981562,
1e-06,138,p7,"K_ads,3",27173.581724694628,17197.0,0.5801350075417008,0.10208034934981562,
1e-06,138,p8,"K_ads,4",130680.17914900783,124119.0,0.05286200460048689,0.10208034934981562,
1e-06,138,p9,Inhibition / adsorption,90587.65926935742,98084.0,-0.07642776325030158,0.10208034934981562,
1e-06,142,p1,A1,1751.152709844111,15672.02,-0.888262476066001,0.07847167724117823,
1e-06,142,p2,E1,1485.0800850801538,3453.38,-0.5699633156269643,0.07847167724117823,
1e-06,142,p3,"K_ads,1",14.94162718907226,30.836,-0.51544859290854,0.07847167724117823,
1e-06,142,p4,"K_ads,2",273.7774295262684,558.532,-0.5098267789020712,0.07847167724117823,
1e-06,142,p5,A2,0.3666978047590705,0.7439,-0.5070603511774828,0.07847167724117823,
1e-06,142,p6,E2,51838.57032245365,40000.0,0.2959642580613412,0.07847167724117823,
1e-06,142,p7,"K_ads,3",21644.504314191294,17197.0,0.2586209405240038,0.07847167724117823,
1e-06,142,p8,"K_ads,4",126579.36406267184,124119.0,0.019822622343652792,0.07847167724117823,
1e-06,142,p9,Inhibition / adsorption,92816.76971428176,98084.0,-0.053701218197853236,0.07847167724117823,
1e-06,146,p1,A1,1126.7518648432738,15672.02,-0.9281042351373164,0.08983201178680511,
1e-06,146,p2,E1,1342.043815274707,3453.38,-0.6113825251565982,0.08983201178680511,
1e-06,146,p3,"K_ads,1",12.78298528912661,30.836,-0.585452546078395,0.08983201178680511,
1e-06,146,p4,"K_ads,2",234.5864391932929,558.532,-0.5799946302211997,0.08983201178680511,
1e-06,146,p5,A2,0.3082693423272428,0.7439,-0.5856037877036661,0.08983201178680511,
1e-06,146,p6,E2,51775.722621625864,40000.0,0.2943930655406466,0.08983201178680511,
1e-06,146,p7,"K_ads,3",21962.6216659219,17197.0,0.2771193618609001,0.08983201178680511,
1e-06,146,p8,"K_ads,4",127093.61437513666,124119.0,0.023965826143754476,0.08983201178680511,
1e-06,146,p9,Inhibition / adsorption,94458.27834536757,98084.0,-0.03696547504824879,0.08983201178680511,
1e-06,150,p1,A1,1699.4968036883024,15672.02,-0.8915585352948566,0.07270864626613141,
1e-06,150,p2,E1,1541.9615539720178,3453.38,-0.5534920703855302,0.07270864626613141,
1e-06,150,p3,"K_ads,1",14.689233172403723,30.836,-0.5236336369047955,0.07270864626613141,
1e-06,150,p4,"K_ads,2",268.7729482320151,558.532,-0.5187868408040809,0.07270864626613141,
1e-06,150,p5,A2,0.35609897598877066,0.7439,-0.521308003779042,0.07270864626613141,
1e-06,150,p6,E2,48012.76684052592,40000.0,0.20031917101314795,0.07270864626613141,
1e-06,150,p7,"K_ads,3",20213.17136323867,17197.0,0.17538939136120665,0.07270864626613141,
1e-06,150,p8,"K_ads,4",125541.03733217347,124119.0,0.011457047931206873,0.07270864626613141,
1e-06,150,p9,Inhibition / adsorption,94731.17884251349,98084.0,-0.03418316093844575,0.07270864626613141,
1e-07,10,p1,A1,740.0710195496097,15672.02,-0.9527775602921889,0.10653281529703203,
1e-07,10,p2,E1,1135.537496501134,3453.38,-0.6711808441291911,0.10653281529703203,
1e-07,10,p3,"K_ads,1",11.099382886060255,30.836,-0.6400511452179188,0.10653281529703203,
1e-07,10,p4,"K_ads,2",204.53712002995178,558.532,-0.6337951629809003,0.10653281529703203,
1e-07,10,p5,A2,0.26893893974740274,0.7439,-0.6384743382882071,0.10653281529703203,
1e-07,10,p6,E2,55703.94063476551,40000.0,0.39259851586913774,0.10653281529703203,
1e-07,10,p7,"K_ads,3",23211.42501011849,17197.0,0.3497368732987435,0.10653281529703203,
1e-07,10,p8,"K_ads,4",128424.20184014435,124119.0,0.03468608222870269,0.10653281529703203,
1e-07,10,p9,Inhibition / adsorption,92785.20431864253,98084.0,-0.054023038225984574,0.10653281529703203,
1e-07,14,p1,A1,2384.6952358808094,15672.02,-0.8478374047582374,0.06982566686014406,
1e-07,14,p2,E1,1750.9499830825366,3453.38,-0.4929750033061706,0.06982566686014406,
1e-07,14,p3,"K_ads,1",16.438176155029574,30.836,-0.46691606709594063,0.06982566686014406,
1e-07,14,p4,"K_ads,2",300.22869979994255,558.532,-0.4624682206213028,0.06982566686014406,
1e-07,14,p5,A2,0.396889750128429,0.7439,-0.4664743243333392,0.06982566686014406,
1e-07,14,p6,E2,51274.57043898707,40000.0,0.2818642609746768,0.06982566686014406,
1e-07,14,p7,"K_ads,3",21558.41423408606,17197.0,0.2536148301497971,0.06982566686014406,
1e-07,14,p8,"K_ads,4",127370.57523091791,124119.0,0.0261972399948268,0.06982566686014406,
1e-07,14,p9,Inhibition / adsorption,94385.36566696076,98084.0,-0.03770884479669713,0.06982566686014406,
1e-07,18,p1,A1,882.4041050043718,15672.02,-0.9436955730656053,0.08915257651560278,
1e-07,18,p2,E1,1247.498233482019,3453.38,-0.6387602194134387,0.08915257651560278,
1e-07,18,p3,"K_ads,1",11.74880375883559,30.836,-0.6189906680880921,0.08915257651560278,
1e-07,18,p4,"K_ads,2",216.16952889424346,558.532,-0.6129684084452754,0.08915257651560278,
1e-07,18,p5,A2,0.28625443280252955,0.7439,-0.6151976975365916,0.08915257651560278,
1e-07,18,p6,E2,46632.41522781452,40000.0,0.165810380695363,0.08915257651560278,
1e-07,18,p7,"K_ads,3",19763.596116843117,17197.0,0.14924673587504314,0.08915257651560278,
1e-07,18,p8,"K_ads,4",125635.64133794124,124119.0,0.012219251991566486,0.08915257651560278,
1e-07,18,p9,Inhibition / adsorption,95452.40763386921,98084.0,-0.02682998619683934,0.08915257651560278,
1e-07,22,p1,A1,908.9294007596753,15672.02,-0.9420030474208383,0.08633340577505966,
1e-07,22,p2,E1,1273.6218446430562,3453.38,-0.6311955693717297,0.08633340577505966,
1e-07,22,p3,"K_ads,1",11.849916262702985,30.836,-0.6157116272310617,0.08633340577505966,
1e-07,22,p4,"K_ads,2",217.68346564632478,558.532,-0.6102578444094077,0.08633340577505966,
1e-07,22,p5,A2,0.2880497598545531,0.7439,-0.6127842991604341,0.08633340577505966,
1e-07,22,p6,E2,44780.91513372162,40000.0,0.11952287834304043,0.08633340577505966,
1e-07,22,p7,"K_ads,3",18849.08669198121,17197.0,0.09606830795959823,0.08633340577505966,
1e-07,22,p8,"K_ads,4",125403.52545478499,124119.0,0.01034914440806799,0.08633340577505966,
1e-07,22,p9,Inhibition / adsorption,96465.48959236745,98084.0,-0.016501268378456745,0.08633340577505966,
1e-07,26,p1,A1,1144.1131219213164,15672.02,-0.9269964483250203,0.07820074309649831,
1e-07,26,p2,E1,1401.5975117226424,3453.38,-0.5941374793035685,0.07820074309649831,
1e-07,26,p3,"K_ads,1",12.754694683147832,30.836,-0.5863699998979169,0.07820074309649831,
1e-07,26,p4,"K_ads,2",235.47292838779182,558.532,-0.5784074531310797,0.07820074309649831,
1e-07,26,p5,A2,0.3107548857113661,0.7439,-0.5822625544947357,0.07820074309649831,
1e-07,26,p6,E2,42875.90150705724,40000.0,0.07189753767643106,0.07820074309649831,
1e-07,26,p7,"K_ads,3",18101.574365212437,17197.0,0.0526007074031771,0.07820074309649831,
1e-07,26,p8,"K_ads,4",124748.77388700792,124119.0,0.0050739523119580346,0.07820074309649831,
1e-07,26,p9,Inhibition / adsorption,97156.04106168743,98084.0,-0.00946085945019138,0.07820074309649831,
1e-07,30,p1,A1,1039.6289618927208,15672.02,-0.9336633719269934,0.08119647982800694,
1e-07,30,p2,E1,1356.345630162047,3453.38,-0.6072411289339583,0.08119647982800694,
1e-07,30,p3,"K_ads,1",12.355003978835839,30.836,-0.5993318206370528,0.08119647982800694,
1e-07,30,p4,"K_ads,2",228.0128371725261,558.532,-0.5917640579724598,0.08119647982800694,
1e-07,30,p5,A2,0.30112146607092644,0.7439,-0.5952124397487211,0.08119647982800694,
1e-07,30,p6,E2,43145.465124579256,40000.0,0.0786366281144814,0.08119647982800694,
1e-07,30,p7,"K_ads,3",18279.83699957801,17197.0,0.06296662206070876,0.08119647982800694,
1e-07,30,p8,"K_ads,4",124790.5274924959,124119.0,0.005410352101579081,0.08119647982800694,
1e-07,30,p9,Inhibition / adsorption,97013.8017229796,98084.0,-0.010911038263329441,0.08119647982800694,
1e-07,34,p1,A1,1242.9056569358281,15672.02,-0.9206926958403684,0.1031005798733415,
1e-07,34,p2,E1,1328.7607459926198,3453.38,-0.615228921812074,0.1031005798733415,
1e-07,34,p3,"K_ads,1",13.398309729412935,30.836,-0.5654978035603536,0.1031005798733415,
1e-07,34,p4,"K_ads,2",240.7252065944296,558.532,-0.5690037337262152,0.1031005798733415,
1e-07,34,p5,A2,0.3185348780948735,0.7439,-0.5718041697877759,0.1031005798733415,
1e-07,34,p6,E2,59780.18411189058,40000.0,0.4945046027972645,0.1031005798733415,
1e-07,34,p7,"K_ads,3",25495.807499591036,17197.0,0.4825729778211918,0.1031005798733415,
1e-07,34,p8,"K_ads,4",129467.58718323628,124119.0,0.04309241279124288,0.1031005798733415,
1e-07,34,p9,Inhibition / adsorption,91734.85319670982,98084.0,-0.0647317279402367,0.1031005798733415,
1e-07,38,p1,A1,5649.877259111531,15672.02,-0.6394927227561266,0.03991136508657108,
1e-07,38,p2,E1,2392.6678185267915,3453.38,-0.3071518864049738,0.03991136508657108,
1e-07,38,p3,"K_ads,1",21.962363682672766,30.836,-0.2877687221859915,0.03991136508657108,
1e-07,38,p4,"K_ads,2",399.0900672058346,558.532,-0.2854660660341134,0.03991136508657108,
1e-07,38,p5,A2,0.5281486992535017,0.7439,-0.2900272896175538,0.03991136508657108,
1e-07,38,p6,E2,46322.19562228677,40000.0,0.15805489055716918,0.03991136508657108,
1e-07,38,p7,"K_ads,3",19968.14269944368,17197.0,0.16114105363980233,0.03991136508657108,
1e-07,38,p8,"K_ads,4",125582.36863269866,124119.0,0.011790045300869845,0.03991136508657108,
1e-07,38,p9,Inhibition / adsorption,96077.84069258817,98084.0,-0.020453481785121203,0.03991136508657108,
1e-07,42,p1,A1,587.1156096396008,15672.02,-0.9625373366267016,0.09786311400750929,
1e-07,42,p2,E1,1113.7046733916172,3453.38,-0.6775030047687722,0.09786311400750929,
1e-07,42,p3,"K_ads,1",10.1625168302711,30.836,-0.6704333626193053,0.09786311400750929,
1e-07,42,p4,"K_ads,2",189.22368423959622,558.532,-0.6612124565117197,0.09786311400750929,
1e-07,42,p5,A2,0.24872231223600938,0.7439,-0.6656508774888972,0.09786311400750929,
1e-07,42,p6,E2,43031.95052226967,40000.0,0.0757987630567417,0.09786311400750929,
1e-07,42,p7,"K_ads,3",18142.753554063584,17197.0,0.05499526394508249,0.09786311400750929,
1e-07,42,p8,"K_ads,4",124597.7349923078,124119.0,0.003857064529264657,0.09786311400750929,
1e-07,42,p9,Inhibition / adsorption,97118.29849514183,98084.0,-0.009845657853046032,0.09786311400750929,
1e-07,46,p1,A1,1013.6337616848208,15672.02,-0.935322073243601,0.08105458899968308,
1e-07,46,p2,E1,1354.8097027518372,3453.38,-0.607685889548258,0.08105458899968308,
1e-07,46,p3,"K_ads,1",12.22978932478861,30.836,-0.6033924852513746,0.08105458899968308,
1e-07,46,p4,"K_ads,2",226.16962064091805,558.532,-0.5950641670648806,0.08105458899968308,
1e-07,46,p5,A2,0.29862126997624705,0.7439,-0.5985733701085535,0.08105458899968308,
1e-07,46,p6,E2,41056.74167906583,40000.0,0.026418541976645792,0.08105458899968308,
1e-07,46,p7,"K_ads,3",17377.72003079992,17197.0,0.010508811467111658,0.08105458899968308,
1e-07,46,p8,"K_ads,4",124170.5851708604,124119.0,0.0004156105903238206,0.08105458899968308,
1e-07,46,p9,Inhibition / adsorption,97702.91416674168,98084.0,-0.0038853006938778566,0.08105458899968308,
1e-07,50,p1,A1,473.18217883804874,15672.02,-0.9698071991461185,0.10481666000581581,
1e-07,50,p2,E1,1028.8739807152583,3453.38,-0.7020675452121521,0.10481666000581581,
1e-07,50,p3,"K_ads,1",9.446951431075833,30.836,-0.6936388821158441,0.10481666000581581,
1e-07,50,p4,"K_ads,2",176.31147554931235,558.532,-0.6843305745251618,0.10481666000581581,
1e-07,50,p5,A2,0.23150704761230853,0.7439,-0.6887927844975016,0.10481666000581581,
1e-07,50,p6,E2,44178.60530105278,40000.0,0.10446513252631957,0.10481666000581581,
1e-07,50,p7,"K_ads,3",18579.107251296722,17197.0,0.08036909061445148,0.10481666000581581,
1e-07,50,p8,"K_ads,4",124903.17106170398,124119.0,0.006317897031912752,0.10481666000581581,
1e-07,50,p9,Inhibition / adsorption,96699.81796838023,98084.0,-0.01411221026487266,0.10481666000581581,
1e-07,54,p1,A1,3135.05946008942,15672.02,-0.7999581764131605,0.04906688693855595,
1e-07,54,p2,E1,1982.2087326637507,3453.38,-0.4260090888741608,0.04906688693855595,
1e-07,54,p3,"K_ads,1",17.96369508898057,30.836,-0.41744405600659706,0.04906688693855595,
1e-07,54,p4,"K_ads,2",327.99011140802435,558.532,-0.4127639751920672,0.04906688693855595,
1e-07,54,p5,A2,0.4352890269690835,0.7439,-0.4148554550758388,0.04906688693855595,
1e-07,54,p6,E2,42905.11498629002,40000.0,0.0726278746572505,0.04906688693855595,
1e-07,54,p7,"K_ads,3",18342.460373904603,17197.0,0.06660815106731426,0.04906688693855595,
1e-07,54,p8,"K_ads,4",124792.63062353748,124119.0,0.0054272965745573165,0.04906688693855595,
1e-07,54,p9,Inhibition / adsorption,97053.59005415904,98084.0,-0.010505382588811242,0.04906688693855595,
1e-07,58,p1,A1,1615.144683599692,15672.02,-0.8969408740162601,0.06765359936145443,
1e-07,58,p2,E1,1585.0179257628552,3453.38,-0.5410241775411756,0.06765359936145443,
1e-07,58,p3,"K_ads,1",14.338246452565302,30.836,-0.5350160055595634,0.06765359936145443,
1e-07,58,p4,"K_ads,2",263.5502356762087,558.532,-0.5281376256396971,0.06765359936145443,
1e-07,58,p5,A2,0.3487015842851428,0.7439,-0.5312520711316806,0.06765359936145443,
1e-07,58,p6,E2,42015.7700374629,40000.0,0.05039425093657246,0.06765359936145443,
1e-07,58,p7,"K_ads,3",17849.8080798574,17197.0,0.03796057916249352,0.06765359936145443,
1e-07,58,p8,"K_ads,4",124524.38045101629,124119.0,0.0032660628188777557,0.06765359936145443,
1e-07,58,p9,Inhibition / adsorption,97416.11696586035,98084.0,-0.006809296461600805,0.06765359936145443,
1e-07,62,p1,A1,518.1959615998396,15672.02,-0.9669349604199178,0.10176787139674347,
1e-07,62,p2,E1,1065.8796359220853,3453.38,-0.6913517666975296,0.10176787139674347,
1e-07,62,p3,"K_ads,1",9.73941358524024,30.836,-0.6841544433376495,0.10176787139674347,
1e-07,62,p4,"K_ads,2",181.55450723492012,558.532,-0.6749434101628552,0.10176787139674347,
1e-07,62,p5,A2,0.23871647316273073,0.7439,-0.679101393785817,0.10176787139674347,
1e-07,62,p6,E2,43518.38463631757,40000.0,0.08795961590793923,0.10176787139674347,
1e-07,62,p7,"K_ads,3",18325.54495633009,17197.0,0.06562452499448101,0.10176787139674347,
1e-07,62,p8,"K_ads,4",124749.41215923,124119.0,0.0050790947335219196,0.10176787139674347,
1e-07,62,p9,Inhibition / adsorption,96885.95533681403,98084.0,-0.012214475991863778,0.10176787139674347,
1e-07,66,p1,A1,264.16616751697137,15672.02,-0.9831440894334635,0.12434876873050671,
1e-07,66,p2,E1,828.8066970363058,3453.38,-0.7600013039293951,0.12434876873050671,
1e-07,66,p3,"K_ads,1",7.751277879353759,30.836,-0.7486289441122792,0.12434876873050671,
1e-07,66,p4,"K_ads,2",145.76327305871993,558.532,-0.7390243118411838,0.12434876873050671,
1e-07,66,p5,A2,0.19062117334398812,0.7439,-0.7437543038795698,0.12434876873050671,
1e-07,66,p6,E2,47633.060146701435,40000.0,0.19082650366753587,0.12434876873050671,
1e-07,66,p7,"K_ads,3",19948.763214581126,17197.0,0.16001414284939966,0.12434876873050671,
1e-07,66,p8,"K_ads,4",125874.93478519739,124119.0,0.014147187660208244,0.12434876873050671,
1e-07,66,p9,Inhibition / adsorption,95393.63401135887,98084.0,-0.027429203424015468,0.12434876873050671,
1e-07,70,p1,A1,2324.7012502489342,15672.02,-0.8516655000281436,0.05754751682320647,
1e-07,70,p2,E1,1787.895296643825,3453.38,-0.48227669800490386,0.05754751682320647,
1e-07,70,p3,"K_ads,1",16.237957815654568,30.836,-0.4734090733021608,0.05754751682320647,
1e-07,70,p4,"K_ads,2",297.23543222113454,558.532,-0.46782738997741485,0.05754751682320647,
1e-07,70,p5,A2,0.39367075512955235,0.7439,-0.47080151212588744,0.05754751682320647,
1e-07,70,p6,E2,42741.119162722105,40000.0,0.06852797906805262,0.05754751682320647,
1e-07,70,p7,"K_ads,3",18251.440540376272,17197.0,0.06131537712253719,0.05754751682320647,
1e-07,70,p8,"K_ads,4",124642.1182719574,124119.0,0.004214651036162062,0.05754751682320647,
1e-07,70,p9,Inhibition / adsorption,97200.03267913459,98084.0,-0.009012349831424219,0.05754751682320647,
1e-07,74,p1,A1,1605.013103749256,15672.02,-0.8975873497003414,0.06755136614149886,
1e-07,74,p2,E1,1584.537176427466,3453.38,-0.541163388787951,0.06755136614149886,
1e-07,74,p3,"K_ads,1",14.30241101281726,30.836,-0.5361781355293403,0.06755136614149886,
1e-07,74,p4,"K_ads,2",263.04499237588016,558.532,-0.5290422171408619,0.06755136614149886,
1e-07,74,p5,A2,0.3480928388728056,0.7439,-0.5320703873197935,0.06755136614149886,
1e-07,74,p6,E2,41296.695205527234,40000.0,0.03241738013818085,0.06755136614149886,
1e-07,74,p7,"K_ads,3",17554.713643128453,17197.0,0.020800932902741903,0.06755136614149886,
1e-07,74,p8,"K_ads,4",124283.21771619034,124119.0,0.0013230667036500314,0.06755136614149886,
1e-07,74,p9,Inhibition / adsorption,97643.44297950598,98084.0,-0.004491629832531462,0.06755136614149886,
1e-07,78,p1,A1,1818.0059852264792,15672.02,-0.8839967033460602,0.06618635682154152,
1e-07,78,p2,E1,1625.84213714909,3453.38,-0.5292026544576357,0.06618635682154152,
1e-07,78,p3,"K_ads,1",14.926040588135766,30.836,-0.5159540605741417,0.06618635682154152,
1e-07,78,p4,"K_ads,2",274.9595711094444,558.532,-0.5077102634952977,0.06618635682154152,
1e-07,78,p5,A2,0.36151657766946405,0.7439,-0.5140253022322032,0.06618635682154152,
1e-07,78,p6,E2,44514.05300636082,40000.0,0.11285132515902041,0.06618635682154152,
1e-07,78,p7,"K_ads,3",18829.96781967361,17197.0,0.09495655170515843,0.06618635682154152,
1e-07,78,p8,"K_ads,4",125115.28393861649,124119.0,0.00802684471045114,0.06618635682154152,
1e-07,78,p9,Inhibition / adsorption,96761.03751414036,98084.0,-0.013488056011782107,0.06618635682154152,
1e-07,82,p1,A1,1820.6656547169616,15672.02,-0.883826995198005,0.06548973128076119,
1e-07,82,p2,E1,1643.5183164668463,3453.38,-0.5240841388822411,0.06548973128076119,
1e-07,82,p3,"K_ads,1",14.956004819596624,30.836,-0.5149823317033135,0.06548973128076119,
1e-07,82,p4,"K_ads,2",273.950481976084,558.532,-0.5095169444614024,0.06548973128076119,
1e-07,82,p5,A2,0.3637922932012929,0.7439,-0.5109661336183722,0.06548973128076119,
1e-07,82,p6,E2,43856.64793486349,40000.0,0.09641619837158723,0.06548973128076119,
1e-07,82,p7,"K_ads,3",18644.6639854403,17197.0,0.08418119354772927,0.06548973128076119,
1e-07,82,p8,"K_ads,4",125087.45398282721,124119.0,0.007802624761939832,0.06548973128076119,
1e-07,82,p9,Inhibition / adsorption,96759.84954230952,98084.0,-0.013500167791795649,0.06548973128076119,
1e-07,86,p1,A1,0.15146247161289364,15672.02,-0.9999903354850483,0.5692750129339782,
1e-07,86,p2,E1,0.3396847437551057,3453.38,-0.9999016370211922,0.5692750129339782,
1e-07,86,p3,"K_ads,1",6.692954096011924,30.836,-0.7829499904004434,0.5692750129339782,
1e-07,86,p4,"K_ads,2",0.47861147107029767,558.532,-0.9991430903313144,0.5692750129339782,
1e-07,86,p5,A2,0.7626435421657907,0.7439,0.02519631962063538,0.5692750129339782,
1e-07,86,p6,E2,13102.48612993815,40000.0,-0.6724378467515462,0.5692750129339782,
1e-07,86,p7,"K_ads,3",16628.193996720383,17197.0,-0.03307588551954507,0.5692750129339782,
1e-07,86,p8,"K_ads,4",13334.540939631157,124119.0,-0.8925664810413301,0.5692750129339782,
1e-07,86,p9,Inhibition / adsorption,15830.09604729962,98084.0,-0.8386067447565391,0.5692750129339782,
1e-07,90,p1,A1,3582.3249686951804,15672.02,-0.7714190660364663,0.043615568037919356,
1e-07,90,p2,E1,2094.5503793835555,3453.38,-0.3934781636010067,0.043615568037919356,
1e-07,90,p3,"K_ads,1",18.763686350023608,30.836,-0.3915006372414188,0.043615568037919356,
1e-07,90,p4,"K_ads,2",342.5524542595274,558.532,-0.3866914442511309,0.043615568037919356,
1e-07,90,p5,A2,0.45436214320172275,0.7439,-0.38921610001112683,0.043615568037919356,
1e-07,90,p6,E2,40034.06481544773,40000.0,0.0008516203861932809,0.043615568037919356,
1e-07,90,p7,"K_ads,3",17108.928659585403,17197.0,-0.005121320021782707,0.043615568037919356,
1e-07,90,p8,"K_ads,4",123960.42835311544,124119.0,-0.0012775775415896353,0.043615568037919356,
1e-07,90,p9,Inhibition / adsorption,98209.81989285885,98084.0,0.0012827769346565553,0.043615568037919356,
1e-07,94,p1,A1,1360.008500361697,15672.02,-0.9132205994912145,0.07575737613995435,
1e-07,94,p2,E1,1470.1934806065615,3453.38,-0.5742740501750281,0.07575737613995435,
1e-07,94,p3,"K_ads,1",13.556690826761983,30.836,-0.5603615635373594,0.07575737613995435,
1e-07,94,p4,"K_ads,2",249.55897400167373,558.532,-0.5531876884374151,0.07575737613995435,
1e-07,94,p5,A2,0.32879767108980607,0.7439,-0.5580082388898964,0.07575737613995435,
1e-07,94,p6,E2,45629.767331414885,40000.0,0.14074418328537214,0.07575737613995435,
1e-07,94,p7,"K_ads,3",19408.69738383332,17197.0,0.1286094890872432,0.07575737613995435,
1e-07,94,p8,"K_ads,4",125285.93785884287,124119.0,0.009401766521184237,0.07575737613995435,
1e-07,94,p9,Inhibition / adsorption,96361.6690903422,98084.0,-0.01755975398289019,0.07575737613995435,
1e-07,98,p1,A1,0.13589954058672535,15672.02,-0.9999913285243008,0.5708630179010357,
1e-07,98,p2,E1,0.33928034620738795,3453.38,-0.9999017541231467,0.5708630179010357,
1e-07,98,p3,"K_ads,1",5.349302580149599,30.836,-0.8265241088289792,0.5708630179010357,
1e-07,98,p4,"K_ads,2",0.4640094295932319,558.532,-0.9991692339389806,0.5708630179010357,
1e-07,98,p5,A2,0.6587612389618086,0.7439,-0.11444920155691814,0.5708630179010357,
1e-07,98,p6,E2,13094.272773379305,40000.0,-0.6726431806655173,0.5708630179010357,
1e-07,98,p7,"K_ads,3",16792.7722857818,17197.0,-0.023505711125091543,0.5708630179010357,
1e-07,98,p8,"K_ads,4",13329.3266046682,124119.0,-0.8926084918129521,0.5708630179010357,
1e-07,98,p9,Inhibition / adsorption,15946.113993523879,98084.0,-0.8374239020276103,0.5708630179010357,
1e-07,102,p1,A1,18.13659351325186,15672.02,-0.9988427405329209,0.3120390614034468,
1e-07,102,p2,E1,14.134453528104826,3453.38,-0.9959070668365181,0.3120390614034468,
1e-07,102,p3,"K_ads,1",3.5756934867305223,30.836,-0.8840415914278595,0.3120390614034468,
1e-07,102,p4,"K_ads,2",65.85256006790202,558.532,-0.8820970686229223,0.3120390614034468,
1e-07,102,p5,A2,0.10437976498298411,0.7439,-0.8596857575171608,0.3120390614034468,
1e-07,102,p6,E2,29913.01017288149,40000.0,-0.2521747456779627,0.3120390614034468,
1e-07,102,p7,"K_ads,3",55848.83131001175,17197.0,2.2475915165442664,0.3120390614034468,
1e-07,102,p8,"K_ads,4",46578.93424290651,124119.0,-0.6247235778333171,0.3120390614034468,
1e-07,102,p9,Inhibition / adsorption,76400.20093987747,98084.0,-0.22107376391789213,0.3120390614034468,
1e-07,106,p1,A1,612.3168160877265,15672.02,-0.9609292984511424,0.10674683949878427,
1e-07,106,p2,E1,1075.9373708281316,3453.38,-0.6884393345568307,0.10674683949878427,
1e-07,106,p3,"K_ads,1",10.46895582418133,30.836,-0.6604956601316212,0.10674683949878427,
1e-07,106,p4,"K_ads,2",190.07148262609357,558.532,-0.6596945517426153,0.10674683949878427,
1e-07,106,p5,A2,0.24970002907902242,0.7439,-0.6643365652923479,0.10674683949878427,
1e-07,106,p6,E2,51974.16233801047,40000.0,0.2993540584502618,0.10674683949878427,
1e-07,106,p7,"K_ads,3",22289.201494763012,17197.0,0.2961098735106712,0.10674683949878427,
1e-07,106,p8,"K_ads,4",126439.69340965769,124119.0,0.0186973260311289,0.10674683949878427,
1e-07,106,p9,Inhibition / adsorption,94414.7139746856,98084.0,-0.03740962873979857,0.10674683949878427,
1e-07,110,p1,A1,560.1982948598271,15672.02,-0.9642548762150746,0.10073911813612764,
1e-07,110,p2,E1,1086.9410659154116,3453.38,-0.6852529794243866,0.10073911813612764,
1e-07,110,p3,"K_ads,1",10.02023365147288,30.836,-0.6750475531368245,0.10073911813612764,
1e-07,110,p4,"K_ads,2",186.22315393663578,558.532,-0.6665846291051618,0.10073911813612764,
1e-07,110,p5,A2,0.2447299499599914,0.7439,-0.6710176771609203,0.10073911813612764,
1e-07,110,p6,E2,45291.45856214331,40000.0,0.1322864640535827,0.10073911813612764,
1e-07,110,p7,"K_ads,3",19124.580518567553,17197.0,0.11208818506527607,0.10073911813612764,
1e-07,110,p8,"K_ads,4",125213.77543197478,124119.0,0.008820369419466612,0.10073911813612764,
1e-07,110,p9,Inhibition / adsorption,96437.09292970145,98084.0,-0.01679078208778749,0.10073911813612764,
1e-07,114,p1,A1,1170.6839902118727,15672.02,-0.9253010147886569,0.07973235070714406,
1e-07,114,p2,E1,1397.8371984709377,3453.38,-0.5952263583877426,0.07973235070714406,
1e-07,114,p3,"K_ads,1",12.890414286237398,30.836,-0.5819686636970619,0.07973235070714406,
1e-07,114,p4,"K_ads,2",237.16380674849148,558.532,-0.5753800914746309,0.07973235070714406,
1e-07,114,p5,A2,0.31274349315411404,0.7439,-0.5795893357250785,0.07973235070714406,
1e-07,114,p6,E2,45423.02453389175,40000.0,0.1355756133472938,0.07973235070714406,
1e-07,114,p7,"K_ads,3",19266.263658785927,17197.0,0.12032701394347427,0.07973235070714406,
1e-07,114,p8,"K_ads,4",125397.0463249606,124119.0,0.010296943457170912,0.07973235070714406,
1e-07,114,p9,Inhibition / adsorption,96421.09080104931,98084.0,-0.01695392927440444,0.07973235070714406,
1e-07,118,p1,A1,637.0080919482124,15672.02,-0.9593537979183149,0.09641760993205173,
1e-07,118,p2,E1,1137.4846839714385,3453.38,-0.6706169943732117,0.09641760993205173,
1e-07,118,p3,"K_ads,1",10.471469877738516,30.836,-0.660414130310724,0.09641760993205173,
1e-07,118,p4,"K_ads,2",194.1708670622071,558.532,-0.6523549822352039,0.09641760993205173,
1e-07,118,p5,A2,0.2561393208962735,0.7439,-0.6556804397146478,0.09641760993205173,
1e-07,118,p6,E2,44551.70192111657,40000.0,0.1137925480279142,0.09641760993205173,
1e-07,118,p7,"K_ads,3",18796.848710459988,17197.0,0.09303068619293993,0.09641760993205173,
1e-07,118,p8,"K_ads,4",125071.93634492502,124119.0,0.007677602501833105,0.09641760993205173,
1e-07,118,p9,Inhibition / adsorption,96615.60907494192,98084.0,-0.014970748797541662,0.09641760993205173,
1e-07,122,p1,A1,1125.7045217252992,15672.02,-0.9281710639901366,0.07864958791223366,
1e-07,122,p2,E1,1399.7976704909247,3453.38,-0.594658661806426,0.07864958791223366,
1e-07,122,p3,"K_ads,1",12.685168182176852,30.836,-0.588624718440237,0.07864958791223366,
1e-07,122,p4,"K_ads,2",234.02768660311784,558.532,-0.5809950251675502,0.07864958791223366,
1e-07,122,p5,A2,0.3081378995800734,0.7439,-0.5857804818119728,0.07864958791223366,
1e-07,122,p6,E2,42753.63230439764,40000.0,0.06884080760994093,0.07864958791223366,
1e-07,122,p7,"K_ads,3",18159.6465846349,17197.0,0.05597758822090471,0.07864958791223366,
1e-07,122,p8,"K_ads,4",124662.07118935288,124119.0,0.004375407386080122,0.07864958791223366,
1e-07,122,p9,Inhibition / adsorption,97461.51651462355,98084.0,-0.006346432500473551,0.07864958791223366,
1e-07,126,p1,A1,93.58930748277221,15672.02,-0.9940282549739745,0.1548654386327676,
1e-07,126,p2,E1,544.1839192807687,3453.38,-0.8424199134526844,0.1548654386327676,
1e-07,126,p3,"K_ads,1",5.3922692842489015,30.836,-0.8251307146112045,0.1548654386327676,
1e-07,126,p4,"K_ads,2",105.55667531278795,558.532,-0.8110105145044726,0.1548654386327676,
1e-07,126,p5,A2,0.13361251085143724,0.7439,-0.820389150623152,0.1548654386327676,
1e-07,126,p6,E2,48529.6943203373,40000.0,0.21324235800843253,0.1548654386327676,
1e-07,126,p7,"K_ads,3",19162.68893532721,17197.0,0.11430417720109375,0.1548654386327676,
1e-07,126,p8,"K_ads,4",125501.63531552079,124119.0,0.011139594385394587,0.1548654386327676,
1e-07,126,p9,Inhibition / adsorption,95715.46501168064,98084.0,-0.024148026062552053,0.1548654386327676,
1e-07,130,p1,A1,1078.762604129418,15672.02,-0.9311663331128076,0.07928408245689093,
1e-07,130,p2,E1,1386.0827320264198,3453.38,-0.5986301154155003,0.07928408245689093,
1e-07,130,p3,"K_ads,1",12.489965375784108,30.836,-0.5949550727790858,0.07928408245689093,
1e-07,130,p4,"K_ads,2",230.77013888810183,558.532,-0.5868273637175635,0.07928408245689093,
1e-07,130,p5,A2,0.30533394097010064,0.7439,-0.589549750006586,0.07928408245689093,
1e-07,130,p6,E2,41444.384046799336,40000.0,0.0361096011699834,0.07928408245689093,
1e-07,130,p7,"K_ads,3",17573.442786047188,17197.0,0.021890026518996793,0.07928408245689093,
1e-07,130,p8,"K_ads,4",124284.28891473026,124119.0,0.0013316971191377877,0.07928408245689093,
1e-07,130,p9,Inhibition / adsorption,97546.9621721127,98084.0,-0.005475284734383751,0.07928408245689093,
1e-07,134,p1,A1,427.218712514346,15672.02,-0.9727400352657573,0.12057488241373238,
1e-07,134,p2,E1,933.4191207789457,3453.38,-0.7297085403926166,0.12057488241373238,
1e-07,134,p3,"K_ads,1",9.309483697953528,30.836,-0.6980969095228458,0.12057488241373238,
1e-07,134,p4,"K_ads,2",167.92324501535325,558.532,-0.6993489271602107,0.12057488241373238,
1e-07,134,p5,A2,0.2257132948799514,0.7439,-0.6965811333782076,0.12057488241373238,
1e-07,134,p6,E2,55113.67071709365,40000.0,0.37784176792734125,0.12057488241373238,
1e-07,134,p7,"K_ads,3",23347.700375353405,17197.0,0.35766124180690845,0.12057488241373238,
1e-07,134,p8,"K_ads,4",128572.86603224603,124119.0,0.035883837544985336,0.12057488241373238,
1e-07,134,p9,Inhibition / adsorption,92416.99799681548,98084.0,-0.05777702788614371,0.12057488241373238,
1e-07,138,p1,A1,2207.788894293934,15672.02,-0.8591254417558213,0.10488933206514343,
1e-07,138,p2,E1,1566.53663278121,3453.38,-0.54637583098842,0.10488933206514343,
1e-07,138,p3,"K_ads,1",16.288050407776158,30.836,-0.4717845891887353,0.10488933206514343,
1e-07,138,p4,"K_ads,2",292.8441344212687,558.532,-0.47568960342242045,0.10488933206514343,
1e-07,138,p5,A2,0.3842890711482077,0.7439,-0.4834129975155159,0.10488933206514343,
1e-07,138,p6,E2,66057.93760953387,40000.0,0.6514484402383467,0.10488933206514343,
1e-07,138,p7,"K_ads,3",27874.44499447805,17197.0,0.6208899804895068,0.10488933206514343,
1e-07,138,p8,"K_ads,4",131350.8425476986,124119.0,0.05826539488473632,0.10488933206514343,
1e-07,138,p9,Inhibition / adsorption,89988.71752788774,98084.0,-0.08253417960230272,0.10488933206514343,
1e-07,142,p1,A1,689.2824121094159,15672.02,-0.9560182789385532,0.09312524665390103,
1e-07,142,p2,E1,1179.6218281647891,3453.38,-0.6584152835295308,0.09312524665390103,
1e-07,142,p3,"K_ads,1",10.73562318536739,30.836,-0.6518477368865161,0.09312524665390103,
1e-07,142,p4,"K_ads,2",199.19616466179173,558.532,-0.643357650659601,0.09312524665390103,
1e-07,142,p5,A2,0.2629167567121237,0.7439,-0.646569758418976,0.09312524665390103,
1e-07,142,p6,E2,43012.86340378459,40000.0,0.07532158509461478,0.09312524665390103,
1e-07,142,p7,"K_ads,3",18162.34491046519,17197.0,0.05613449499710367,0.09312524665390103,
1e-07,142,p8,"K_ads,4",124709.98239371272,124119.0,0.004761417621095256,0.09312524665390103,
1e-07,142,p9,Inhibition / adsorption,97006.77295084161,98084.0,-0.010982699004510332,0.09312524665390103,
1e-07,146,p1,A1,1124.2210596648433,15672.02,-0.9282657207134215,0.07830320129399872,
1e-07,146,p2,E1,1399.6094383003262,3453.38,-0.5947131684609495,0.07830320129399872,
1e-07,146,p3,"K_ads,1",12.678008357985982,30.836,-0.5888569088732007,0.07830320129399872,
1e-07,146,p4,"K_ads,2",233.96259599088415,558.532,-0.5811115639016491,0.07830320129399872,
1e-07,146,p5,A2,0.30890450458319485,0.7439,-0.5847499602322962,0.07830320129399872,
1e-07,146,p6,E2,41998.52356644473,40000.0,0.049963089161118295,0.07830320129399872,
1e-07,146,p7,"K_ads,3",17823.203291265712,17197.0,0.0364135192920691,0.07830320129399872,
1e-07,146,p8,"K_ads,4",124405.6239658235,124119.0,0.0023092674435299916,0.07830320129399872,
1e-07,146,p9,Inhibition / adsorption,97472.53947309522,98084.0,-0.00623404966054377,0.07830320129399872,
1e-07,150,p1,A1,916.8773183872211,15672.02,-0.9414959068207402,0.08664702965286512,
1e-07,150,p2,E1,1286.831476042561,3453.38,-0.6273704382249967,0.08664702965286512,
1e-07,150,p3,"K_ads,1",11.862715507628572,30.836,-0.6152965524831829,0.08664702965286512,
1e-07,150,p4,"K_ads,2",218.83402797442764,558.532,-0.608197868744445,0.08664702965286512,
1e-07,150,p5,A2,0.288717208157354,0.7439,-0.6118870706313294,0.08664702965286512,
1e-07,150,p6,E2,45336.4480411943,40000.0,0.1334112010298575,0.08664702965286512,
1e-07,150,p7,"K_ads,3",19248.179612264033,17197.0,0.11927543247450331,0.08664702965286512,
1e-07,150,p8,"K_ads,4",125278.99207280079,124119.0,0.009345805821838603,0.08664702965286512,
1e-07,150,p9,Inhibition / adsorption,96340.59683419217,98084.0,-0.017774592857222698,0.08664702965286512,
